EmployeeKey,ParentEmployeeKey,EmployeeNationalIDAlternateKey,ParentEmployeeNationalIDAlternateKey,SalesTerritoryKey,FirstName,LastName,MiddleName,NameStyle,Title,HireDate,BirthDate,LoginID,EmailAddress,Phone,MaritalStatus,EmergencyContactName,EmergencyContactPhone,SalariedFlag,Gender,PayFrequency,BaseRate,VacationHours,SickLeaveHours,CurrentFlag,SalesPersonFlag,DepartmentName,StartDate,EndDate,Status
1,1,14417807,,1,Guy,Gilbert,R,false,Production Technician - WC60,2006-01-28 00:00:00,1981-11-12 00:00:00,adventure-works\guy1,guy1@adventure-works.com,320-555-0195,M,Guy Gilbert,320-555-0195,false,M,1,$12.45,21,30,true,false,Production,2006-01-28 00:00:00,,Current
2,1,253022876,,1,Kevin,Brown,F,false,Marketing Assistant,2006-08-26 00:00:00,1986-12-01 00:00:00,adventure-works\kevin0,kevin0@adventure-works.com,150-555-0189,S,Kevin Brown,150-555-0189,false,M,2,$13.4615,42,41,true,false,Marketing,2006-08-26 00:00:00,,Current
3,1,509647174,,1,Roberto,Tamburello,,false,Engineering Manager,2007-06-11 00:00:00,1974-06-12 00:00:00,adventure-works\roberto0,roberto0@adventure-works.com,212-555-0187,M,Roberto Tamburello,212-555-0187,true,M,2,$43.2692,2,21,true,false,Engineering,2007-06-11 00:00:00,,Current
4,1,112457891,,1,Rob,Walters,,false,Senior Tool Designer,2007-07-05 00:00:00,1974-07-23 00:00:00,adventure-works\rob0,rob0@adventure-works.com,612-555-0100,S,Rob Walters,612-555-0100,false,M,2,$29.8462,48,80,true,false,Tool Design,2007-07-05 00:00:00,2009-12-28 00:00:00,
5,1,112457891,,1,Rob,Walters,,false,Senior Tool Designer,2007-07-05 00:00:00,1974-07-23 00:00:00,adventure-works\rob0,rob0@adventure-works.com,612-555-0100,S,Rob Walters,612-555-0100,false,M,2,$29.8462,48,80,true,false,Tool Design,2009-12-28 00:00:00,,Current
6,1,480168528,,1,Thierry,D'Hers,B,false,Tool Designer,2007-07-11 00:00:00,1959-02-26 00:00:00,adventure-works\thierry0,thierry0@adventure-works.com,168-555-0183,M,Thierry D'Hers,168-555-0183,false,M,2,$25,9,24,true,false,Tool Design,2007-07-11 00:00:00,,Current
7,1,24756624,,1,David,Bradley,M,false,Marketing Manager,2007-07-20 00:00:00,1974-10-17 00:00:00,adventure-works\david0,david0@adventure-works.com,913-555-0172,S,David Bradley,913-555-0172,true,M,2,$37.5,40,40,true,false,Marketing,2007-07-20 00:00:00,2009-02-11 00:00:00,
8,1,24756624,,1,David,Bradley,M,false,Marketing Manager,2007-07-20 00:00:00,1974-10-17 00:00:00,adventure-works\david0,david0@adventure-works.com,913-555-0172,S,David Bradley,913-555-0172,true,M,2,$37.5,40,40,true,false,Marketing,2009-02-12 00:00:00,,Current
9,1,309738752,,1,JoLynn,Dobney,M,false,Production Supervisor - WC60,2007-07-26 00:00:00,1955-08-16 00:00:00,adventure-works\jolynn0,jolynn0@adventure-works.com,903-555-0145,S,JoLynn Dobney,903-555-0145,false,F,2,$25,82,61,true,false,Production,2007-07-26 00:00:00,,Current
10,1,690627818,,1,Ruth,Ellerbrock,Ann,false,Production Technician - WC10,2007-08-06 00:00:00,1956-01-03 00:00:00,adventure-works\ruth0,ruth0@adventure-works.com,145-555-0130,M,Ruth Ellerbrock,145-555-0130,false,F,1,$13.45,83,61,true,false,Production,2007-08-06 00:00:00,,Current
11,1,695256908,,1,Gail,Erickson,A,false,Design Engineer,2007-08-06 00:00:00,1952-04-27 00:00:00,adventure-works\gail0,gail0@adventure-works.com,849-555-0139,M,Gail Erickson,849-555-0139,true,F,2,$32.6923,5,22,true,false,Engineering,2007-08-06 00:00:00,,Current
12,1,912265825,,1,Barry,Johnson,K,false,Production Technician - WC10,2007-08-07 00:00:00,1955-10-25 00:00:00,adventure-works\barry0,barry0@adventure-works.com,206-555-0180,S,Barry Johnson,206-555-0180,false,M,1,$13.45,88,64,true,false,Production,2007-08-07 00:00:00,,Current
13,1,998320692,,1,Jossef,Goldberg,H,false,Design Engineer,2007-08-24 00:00:00,1958-10-09 00:00:00,adventure-works\jossef0,jossef0@adventure-works.com,122-555-0189,M,Jossef Goldberg,122-555-0189,true,M,2,$32.6923,6,23,true,false,Engineering,2007-08-24 00:00:00,,Current
14,1,245797967,,1,Terri,Duffy,Lee,false,Vice President of Engineering,2007-08-31 00:00:00,1971-03-01 00:00:00,adventure-works\terri0,terri0@adventure-works.com,819-555-0175,S,Terri Duffy,819-555-0175,true,F,2,$63.4615,1,20,true,false,Engineering,2007-08-31 00:00:00,,Current
15,1,844973625,,1,Sidney,Higa,M,false,Production Technician - WC10,2007-09-02 00:00:00,1956-03-30 00:00:00,adventure-works\sidney0,sidney0@adventure-works.com,424-555-0189,M,Sidney Higa,424-555-0189,false,M,1,$13.45,84,62,true,false,Production,2007-09-02 00:00:00,,Current
16,1,233069302,,1,Taylor,Maxwell,R,false,Production Supervisor - WC50,2007-09-08 00:00:00,1955-10-31 00:00:00,adventure-works\taylor0,taylor0@adventure-works.com,508-555-0165,M,Taylor Maxwell,508-555-0165,false,M,2,$25,79,59,true,false,Production,2007-09-08 00:00:00,,Current
17,1,132674823,,1,Jeffrey,Ford,L,false,Production Technician - WC10,2007-09-20 00:00:00,1956-02-09 00:00:00,adventure-works\jeffrey0,jeffrey0@adventure-works.com,984-555-0185,S,Jeffrey Ford,984-555-0185,false,M,1,$13.45,85,62,true,false,Production,2007-09-20 00:00:00,,Current
18,1,446466105,,1,Jo,Brown,A,false,Production Supervisor - WC60,2007-09-27 00:00:00,1956-05-08 00:00:00,adventure-works\jo0,jo0@adventure-works.com,632-555-0129,S,Jo Brown,632-555-0129,false,F,2,$25,80,60,true,false,Production,2007-09-27 00:00:00,,Current
19,1,565090917,,1,Doris,Hartwig,M,false,Production Technician - WC10,2007-10-09 00:00:00,1955-11-03 00:00:00,adventure-works\doris0,doris0@adventure-works.com,328-555-0150,M,Doris Hartwig,328-555-0150,false,F,1,$13.45,86,63,true,false,Production,2007-10-09 00:00:00,,Current
20,1,494170342,,1,John,Campbell,T,false,Production Supervisor - WC60,2007-10-16 00:00:00,1956-03-07 00:00:00,adventure-works\john0,john0@adventure-works.com,435-555-0113,M,John Campbell,435-555-0113,false,M,2,$25,81,60,true,false,Production,2007-10-16 00:00:00,,Current
21,1,9659517,,1,Diane,Glimp,R,false,Production Technician - WC10,2007-10-27 00:00:00,1955-10-28 00:00:00,adventure-works\diane0,diane0@adventure-works.com,202-555-0151,M,Diane Glimp,202-555-0151,false,F,1,$13.45,87,63,true,false,Production,2007-10-27 00:00:00,,Current
22,1,443968955,,1,Steven,Selikoff,T,false,Production Technician - WC30,2008-07-01 00:00:00,1976-12-12 00:00:00,adventure-works\steven0,steven0@adventure-works.com,925-555-0114,M,Steven Selikoff,925-555-0114,false,M,1,$9.5,41,40,true,false,Production,2008-07-01 00:00:00,,Current
23,1,277173473,,1,Peter,Krebs,J,false,Production Control Manager,2008-07-01 00:00:00,1982-06-03 00:00:00,adventure-works\peter0,peter0@adventure-works.com,913-555-0196,M,Peter Krebs,913-555-0196,true,M,2,$24.5192,43,41,true,false,Production Control,2008-07-01 00:00:00,,Current
24,1,835460180,,1,Stuart,Munson,V,false,Production Technician - WC45,2008-07-02 00:00:00,1962-04-13 00:00:00,adventure-works\stuart0,stuart0@adventure-works.com,413-555-0136,S,Stuart Munson,413-555-0136,false,M,1,$10,84,62,true,false,Production,2008-07-02 00:00:00,,Current
25,1,687685941,,1,Greg,Alderson,F,false,Production Technician - WC45,2008-07-02 00:00:00,1975-11-15 00:00:00,adventure-works\greg0,greg0@adventure-works.com,332-555-0150,S,Greg Alderson,332-555-0150,false,M,1,$10,85,62,true,false,Production,2008-07-02 00:00:00,,Current
26,1,498138869,,1,David,Johnson,N,false,Production Technician - WC30,2008-07-02 00:00:00,1979-06-02 00:00:00,adventure-works\david1,david1@adventure-works.com,166-555-0162,S,David Johnson,166-555-0162,false,M,1,$9.5,25,32,true,false,Production,2008-07-02 00:00:00,,Current
27,1,360868122,,1,Zheng,Mu,W,false,Production Supervisor - WC10,2008-07-03 00:00:00,1983-05-26 00:00:00,adventure-works\zheng0,zheng0@adventure-works.com,113-555-0173,S,Zheng Mu,113-555-0173,false,M,2,$25,66,53,true,false,Production,2008-07-03 00:00:00,,Current
28,1,964089218,,1,Ivo,Salmre,William,false,Production Technician - WC20,2008-07-04 00:00:00,1981-08-03 00:00:00,adventure-works\ivo0,ivo0@adventure-works.com,115-555-0179,M,Ivo Salmre,115-555-0179,false,M,1,$14,9,24,true,false,Production,2008-07-04 00:00:00,,Current
29,1,384162788,,1,Paul,Komosinski,B,false,Production Technician - WC40,2008-07-04 00:00:00,1980-06-13 00:00:00,adventure-works\paul0,paul0@adventure-works.com,147-555-0160,S,Paul Komosinski,147-555-0160,false,M,1,$15,68,54,true,false,Production,2008-07-04 00:00:00,,Current
30,1,749389530,,1,Ashvini,Sharma,R,false,Network Administrator,2008-07-04 00:00:00,1976-10-25 00:00:00,adventure-works\ashvini0,ashvini0@adventure-works.com,656-555-0119,S,Ashvini Sharma,656-555-0119,false,M,2,$32.4519,70,55,true,false,Information Services,2008-07-04 00:00:00,,Current
31,1,571658797,,1,Kendall,Keil,C,false,Production Technician - WC50,2008-07-05 00:00:00,1985-12-28 00:00:00,adventure-works\kendall0,kendall0@adventure-works.com,138-555-0128,M,Kendall Keil,138-555-0128,false,M,1,$11,11,25,true,false,Production,2008-07-05 00:00:00,,Current
32,1,535145551,,1,Paula,Barreto de Mattos,M,false,Human Resources Manager,2008-07-06 00:00:00,1975-09-11 00:00:00,adventure-works\paula0,paula0@adventure-works.com,523-555-0175,M,Paula Barreto de Mattos,523-555-0175,true,F,2,$27.1394,54,47,true,false,Human Resources,2008-07-06 00:00:00,,Current
33,1,761597760,,1,Alejandro,McGuel,E,false,Production Technician - WC40,2008-07-06 00:00:00,1988-07-05 00:00:00,adventure-works\alejandro0,alejandro0@adventure-works.com,668-555-0130,S,Alejandro McGuel,668-555-0130,false,M,1,$15,52,46,true,false,Production,2008-07-06 00:00:00,,Current
34,1,271438431,,1,Garrett,Young,R,false,Production Technician - WC30,2008-07-07 00:00:00,1984-03-25 00:00:00,adventure-works\garrett0,garrett0@adventure-works.com,609-555-0179,S,Garrett Young,609-555-0179,false,M,1,$9.5,34,37,true,false,Production,2008-07-07 00:00:00,,Current
35,1,160739235,,1,Jian Shuo,Wang,,false,Production Technician - WC30,2008-07-07 00:00:00,1983-02-24 00:00:00,adventure-works\jianshuo0,jianshuo0@adventure-works.com,952-555-0178,S,Jian Shuo Wang,952-555-0178,false,M,1,$9.5,36,38,true,false,Production,2008-07-07 00:00:00,,Current
36,1,586486572,,1,Susan,Eaton,W,false,Stocker,2008-07-07 00:00:00,1977-09-17 00:00:00,adventure-works\susan0,susan0@adventure-works.com,943-555-0196,S,Susan Eaton,943-555-0196,false,F,1,$9,97,68,true,false,Shipping and Receiving,2008-07-07 00:00:00,,Current
37,1,337752649,,1,Vamsi,Kuppa,N,false,Shipping and Receiving Clerk,2008-07-07 00:00:00,1976-10-16 00:00:00,adventure-works\vamsi0,vamsi0@adventure-works.com,937-555-0137,M,Vamsi Kuppa,937-555-0137,false,M,2,$9.5,95,67,true,false,Shipping and Receiving,2008-07-07 00:00:00,,Current
38,1,113695504,,1,Alice,Ciccu,O,false,Production Technician - WC50,2008-07-07 00:00:00,1977-08-26 00:00:00,adventure-works\alice0,alice0@adventure-works.com,333-555-0173,M,Alice Ciccu,333-555-0173,false,F,1,$11,95,67,true,false,Production,2008-07-07 00:00:00,,Current
39,1,276751903,,1,Simon,Rapier,D,false,Production Technician - WC60,2008-07-08 00:00:00,1989-12-15 00:00:00,adventure-works\simon0,simon0@adventure-works.com,963-555-0134,S,Simon Rapier,963-555-0134,false,M,1,$12.45,38,39,true,false,Production,2008-07-08 00:00:00,,Current
40,1,630184120,,1,Jinghao,Liu,K,false,Production Supervisor - WC50,2008-07-08 00:00:00,1988-09-05 00:00:00,adventure-works\jinghao0,jinghao0@adventure-works.com,794-555-0159,S,Jinghao Liu,794-555-0159,false,M,2,$25,77,58,true,false,Production,2008-07-08 00:00:00,,Current
41,1,545337468,,1,Michael,Hines,T,false,Production Technician - WC20,2008-07-09 00:00:00,1989-12-15 00:00:00,adventure-works\michael0,michael0@adventure-works.com,218-555-0126,S,Michael Hines,218-555-0126,false,M,1,$14,20,30,true,false,Production,2008-07-09 00:00:00,,Current
42,1,713403643,,1,Yvonne,McKay,S,false,Production Technician - WC45,2008-07-09 00:00:00,1988-11-13 00:00:00,adventure-works\yvonne0,yvonne0@adventure-works.com,286-555-0189,M,Yvonne McKay,286-555-0189,false,F,1,$10,79,59,true,false,Production,2008-07-09 00:00:00,,Current
43,1,885055826,,1,Peng,Wu,J,false,Quality Assurance Supervisor,2008-07-09 00:00:00,1975-10-17 00:00:00,adventure-works\peng0,peng0@adventure-works.com,164-555-0164,M,Peng Wu,164-555-0164,true,M,2,$21.6346,81,60,true,false,Quality Assurance,2008-07-09 00:00:00,,Current
44,1,441044382,,1,Jean,Trenary,E,false,Information Services Manager,2008-07-11 00:00:00,1975-07-13 00:00:00,adventure-works\jean0,jean0@adventure-works.com,685-555-0120,S,Jean Trenary,685-555-0120,true,F,2,$50.4808,65,52,true,false,Information Services,2008-07-11 00:00:00,,Current
45,1,718299860,,1,Russell,Hunter,,false,Production Technician - WC50,2008-07-12 00:00:00,1972-06-25 00:00:00,adventure-works\russell0,russell0@adventure-works.com,786-555-0144,M,Russell Hunter,786-555-0144,false,M,1,$11,6,23,true,false,Production,2008-07-12 00:00:00,,Current
46,1,685233686,,1,A. Scott,Wright,,false,Master Scheduler,2008-07-12 00:00:00,1968-04-17 00:00:00,adventure-works\ascott0,ascott0@adventure-works.com,992-555-0194,S,A. Scott Wright,992-555-0194,false,M,2,$23.5577,44,42,true,false,Production Control,2008-07-12 00:00:00,,Current
47,1,295971920,,1,Fred,Northup,T,false,Production Technician - WC40,2008-07-12 00:00:00,1989-01-23 00:00:00,adventure-works\fred0,fred0@adventure-works.com,818-555-0192,S,Fred Northup,818-555-0192,false,M,1,$15,47,43,true,false,Production,2008-07-12 00:00:00,,Current
48,1,95958330,,1,Sariya,Harnpadoungsataya,E,false,Marketing Specialist,2008-07-12 00:00:00,1986-12-19 00:00:00,adventure-works\sariya0,sariya0@adventure-works.com,399-555-0176,S,Sariya Harnpadoungsataya,399-555-0176,false,M,2,$14.4231,45,42,true,false,Marketing,2008-07-12 00:00:00,,Current
49,1,332040978,,1,Willis,Johnson,T,false,Recruiter,2008-07-13 00:00:00,1978-02-15 00:00:00,adventure-works\willis0,willis0@adventure-works.com,778-555-0141,S,Willis Johnson,778-555-0141,false,M,2,$18.2692,49,44,true,false,Human Resources,2008-07-13 00:00:00,,Current
50,1,857651804,,1,Jun,Cao,T,false,Production Technician - WC50,2008-07-14 00:00:00,1979-02-03 00:00:00,adventure-works\jun0,jun0@adventure-works.com,299-555-0113,S,Jun Cao,299-555-0113,false,M,1,$11,90,65,true,false,Production,2008-07-14 00:00:00,,Current
51,1,553069203,,1,Christian,Kleinerman,E,false,Maintenance Supervisor,2008-07-14 00:00:00,1975-08-18 00:00:00,adventure-works\christian0,christian0@adventure-works.com,846-555-0157,M,Christian Kleinerman,846-555-0157,true,M,2,$20.4327,92,66,true,false,Facilities and Maintenance,2008-07-14 00:00:00,,Current
52,1,351069889,,1,Susan,Metters,A,false,Production Technician - WC30,2008-07-14 00:00:00,1982-10-31 00:00:00,adventure-works\susan1,susan1@adventure-works.com,639-555-0164,S,Susan Metters,639-555-0164,false,F,1,$9.5,31,35,true,false,Production,2008-07-14 00:00:00,,Current
53,1,370989364,,1,Reuben,D'sa,H,false,Production Supervisor - WC40,2008-07-15 00:00:00,1987-03-27 00:00:00,adventure-works\reuben0,reuben0@adventure-works.com,191-555-0112,M,Reuben D'sa,191-555-0112,false,M,2,$25,72,56,true,false,Production,2008-07-15 00:00:00,,Current
54,1,275962311,,1,Kirk,Koenigsbauer,J,false,Production Technician - WC45,2008-07-15 00:00:00,1984-09-06 00:00:00,adventure-works\kirk0,kirk0@adventure-works.com,669-555-0150,S,Kirk Koenigsbauer,669-555-0150,false,M,1,$10,74,57,true,false,Production,2008-07-15 00:00:00,,Current
55,1,36151748,,1,David,Ortiz,J,false,Production Technician - WC60,2008-07-15 00:00:00,1984-07-29 00:00:00,adventure-works\david2,david2@adventure-works.com,712-555-0119,M,David Ortiz,712-555-0119,false,M,1,$12.45,33,36,true,false,Production,2008-07-15 00:00:00,,Current
56,1,540688287,,1,Tengiz,Kharatishvili,N,false,Control Specialist,2008-07-16 00:00:00,1989-11-26 00:00:00,adventure-works\tengiz0,tengiz0@adventure-works.com,910-555-0116,S,Tengiz Kharatishvili,910-555-0116,false,M,2,$16.8269,76,58,true,false,Document Control,2008-07-16 00:00:00,,Current
57,1,568596888,,1,Hanying,Feng,P,false,Production Technician - WC20,2008-07-16 00:00:00,1974-05-16 00:00:00,adventure-works\hanying0,hanying0@adventure-works.com,319-555-0139,S,Hanying Feng,319-555-0139,false,M,1,$14,15,27,true,false,Production,2008-07-16 00:00:00,,Current
58,1,918737118,,1,Kevin,Liu,H,false,Production Technician - WC40,2008-07-17 00:00:00,1985-07-25 00:00:00,adventure-works\kevin1,kevin1@adventure-works.com,714-555-0138,S,Kevin Liu,714-555-0138,false,M,1,$15,58,49,true,false,Production,2008-07-17 00:00:00,,Current
59,1,801758002,,1,Annik,Stahl,O,false,Production Technician - WC60,2008-07-17 00:00:00,1976-07-26 00:00:00,adventure-works\annik0,annik0@adventure-works.com,499-555-0125,M,Annik Stahl,499-555-0125,false,M,1,$12.45,17,28,true,false,Production,2008-07-17 00:00:00,,Current
60,1,415823523,,1,Suroor,Fatima,R,false,Production Technician - WC50,2008-07-17 00:00:00,1977-09-25 00:00:00,adventure-works\suroor0,suroor0@adventure-works.com,932-555-0161,S,Suroor Fatima,932-555-0161,false,M,1,$11,93,66,true,false,Production,2008-07-17 00:00:00,,Current
61,1,363923697,,1,Deborah,Poe,E,false,Accounts Receivable Specialist,2008-07-18 00:00:00,1975-10-05 00:00:00,adventure-works\deborah0,deborah0@adventure-works.com,602-555-0194,M,Deborah Poe,602-555-0194,false,F,2,$19,60,50,true,false,Finance,2008-07-18 00:00:00,,Current
62,1,674171828,,1,Jim,Scardelis,H,false,Production Technician - WC50,2008-07-19 00:00:00,1986-04-08 00:00:00,adventure-works\jim0,jim0@adventure-works.com,679-555-0113,M,Jim Scardelis,679-555-0113,false,M,1,$11,1,20,true,false,Production,2008-07-19 00:00:00,,Current
63,1,138280935,,1,Carole,Poland,M,false,Production Technician - WC30,2008-07-19 00:00:00,1983-05-19 00:00:00,adventure-works\carole0,carole0@adventure-works.com,688-555-0192,M,Carole Poland,688-555-0192,false,F,1,$9.5,42,41,true,false,Production,2008-07-19 00:00:00,,Current
64,1,476115505,,1,George,Li,Z,false,Production Technician - WC30,2008-07-21 00:00:00,1976-11-14 00:00:00,adventure-works\george0,george0@adventure-works.com,518-555-0199,M,George Li,518-555-0199,false,M,1,$9.5,26,33,true,false,Production,2008-07-21 00:00:00,,Current
65,1,502058701,,1,Gary,Yukish,W,false,Production Technician - WC40,2008-07-22 00:00:00,1987-12-15 00:00:00,adventure-works\gary0,gary0@adventure-works.com,901-555-0125,S,Gary Yukish,901-555-0125,false,M,1,$15,69,54,true,false,Production,2008-07-22 00:00:00,,Current
66,1,7201901,,1,Cristian,Petculescu,K,false,Production Supervisor - WC10,2008-07-22 00:00:00,1983-11-10 00:00:00,adventure-works\cristian0,cristian0@adventure-works.com,434-555-0133,M,Cristian Petculescu,434-555-0133,false,M,2,$25,67,53,true,false,Production,2008-07-22 00:00:00,,Current
67,1,97728960,,1,Raymond,Sam,K,false,Production Technician - WC20,2008-07-23 00:00:00,1966-09-30 00:00:00,adventure-works\raymond0,raymond0@adventure-works.com,226-555-0197,M,Raymond Sam,226-555-0197,false,M,1,$14,10,25,true,false,Production,2008-07-23 00:00:00,,Current
68,1,525932996,,1,Janaina,Bueno,Barreiro Gambaro,false,Application Specialist,2008-07-23 00:00:00,1984-08-30 00:00:00,adventure-works\janaina0,janaina0@adventure-works.com,623-555-0155,M,Janaina Bueno,623-555-0155,true,F,2,$27.4038,71,55,true,false,Information Services,2008-07-23 00:00:00,,Current
69,1,843479922,,1,Bob,Hohman,N,false,Production Technician - WC50,2008-07-24 00:00:00,1979-03-16 00:00:00,adventure-works\bob0,bob0@adventure-works.com,611-555-0116,S,Bob Hohman,611-555-0116,false,M,1,$11,12,26,true,false,Production,2008-07-24 00:00:00,,Current
70,1,370487086,,1,Shammi,Mohamed,G,false,Production Technician - WC40,2008-07-24 00:00:00,1980-05-04 00:00:00,adventure-works\shammi0,shammi0@adventure-works.com,793-555-0179,M,Shammi Mohamed,793-555-0179,false,M,1,$15,53,46,true,false,Production,2008-07-24 00:00:00,,Current
71,1,54759846,,1,Linda,Moschell,K,false,Production Technician - WC50,2008-07-25 00:00:00,1987-02-14 00:00:00,adventure-works\linda0,linda0@adventure-works.com,612-555-0171,M,Linda Moschell,612-555-0171,false,F,1,$11,96,68,true,false,Production,2008-07-25 00:00:00,,Current
72,1,619308550,,1,Mindy,Martin,C,false,Benefits Specialist,2008-07-25 00:00:00,1984-06-20 00:00:00,adventure-works\mindy0,mindy0@adventure-works.com,522-555-0147,M,Mindy Martin,522-555-0147,false,F,2,$16.5865,51,45,true,false,Human Resources,2008-07-25 00:00:00,,Current
73,1,121491555,,1,Wendy,Kahn,Beth,false,Finance Manager,2008-07-25 00:00:00,1984-05-11 00:00:00,adventure-works\wendy0,wendy0@adventure-works.com,248-555-0134,S,Wendy Kahn,248-555-0134,true,F,2,$43.2692,55,47,true,false,Finance,2008-07-25 00:00:00,,Current
74,1,420776180,,1,Kim,Ralls,T,false,Stocker,2008-07-26 00:00:00,1983-11-29 00:00:00,adventure-works\kim0,kim0@adventure-works.com,309-555-0129,S,Kim Ralls,309-555-0129,false,F,1,$9,98,69,true,false,Shipping and Receiving,2008-07-26 00:00:00,,Current
75,1,604664374,,1,Sandra,Reátegui Alayo,,false,Production Technician - WC30,2008-07-26 00:00:00,1975-06-05 00:00:00,adventure-works\sandra0,sandra0@adventure-works.com,896-555-0168,M,Sandra Reátegui Alayo,896-555-0168,false,F,1,$9.5,37,38,true,false,Production,2008-07-26 00:00:00,,Current
76,1,778552911,,1,Kok-Ho,Loh,T,false,Production Supervisor - WC50,2008-07-27 00:00:00,1979-11-27 00:00:00,adventure-works\kok-ho0,kok-ho0@adventure-works.com,999-555-0155,S,Kok-Ho Loh,999-555-0155,false,M,2,$25,78,59,true,false,Production,2008-07-27 00:00:00,,Current
77,1,435234965,,1,Douglas,Hite,B,false,Production Technician - WC45,2008-07-27 00:00:00,1985-06-24 00:00:00,adventure-works\douglas0,douglas0@adventure-works.com,808-555-0172,M,Douglas Hite,808-555-0172,false,M,1,$10,80,60,true,false,Production,2008-07-27 00:00:00,,Current
78,1,339712426,,1,James,Kramer,D,false,Production Technician - WC60,2008-07-27 00:00:00,1984-02-23 00:00:00,adventure-works\james0,james0@adventure-works.com,119-555-0117,M,James Kramer,119-555-0117,false,M,1,$12.45,39,39,true,false,Production,2008-07-27 00:00:00,,Current
79,1,403414852,,1,Sean,Alexander,P,false,Quality Assurance Technician,2008-07-28 00:00:00,1975-10-05 00:00:00,adventure-works\sean0,sean0@adventure-works.com,420-555-0173,S,Sean Alexander,420-555-0173,false,M,2,$10.5769,82,61,true,false,Quality Assurance,2008-07-28 00:00:00,,Current
80,1,368920189,,1,Nitin,Mirchandani,S,false,Production Technician - WC20,2008-07-28 00:00:00,1986-07-01 00:00:00,adventure-works\nitin0,nitin0@adventure-works.com,143-555-0173,S,Nitin Mirchandani,143-555-0173,false,M,1,$14,21,30,true,false,Production,2008-07-28 00:00:00,,Current
81,1,811994146,,1,Diane,Margheim,L,false,Research and Development Engineer,2008-07-29 00:00:00,1986-01-03 00:00:00,adventure-works\diane1,diane1@adventure-works.com,815-555-0138,S,Diane Margheim,815-555-0138,true,F,2,$40.8654,62,51,true,false,Research and Development,2008-07-29 00:00:00,,Current
82,1,330211482,,1,Rebecca,Laszlo,A,false,Production Technician - WC60,2008-07-29 00:00:00,1988-02-04 00:00:00,adventure-works\rebecca0,rebecca0@adventure-works.com,314-555-0113,M,Rebecca Laszlo,314-555-0113,false,F,1,$12.45,23,31,true,false,Production,2008-07-29 00:00:00,,Current
83,1,632092621,,1,Rajesh,Patel,M,false,Production Technician - WC40,2008-07-31 00:00:00,1977-05-04 00:00:00,adventure-works\rajesh0,rajesh0@adventure-works.com,373-555-0137,M,Rajesh Patel,373-555-0137,false,M,1,$15,48,44,true,false,Production,2008-07-31 00:00:00,,Current
84,1,264306399,,1,Vidur,Luthra,X,false,Recruiter,2008-08-01 00:00:00,1984-03-01 00:00:00,adventure-works\vidur0,vidur0@adventure-works.com,153-555-0186,S,Vidur Luthra,153-555-0186,false,M,2,$18.2692,50,45,true,false,Human Resources,2008-08-01 00:00:00,,Current
85,1,981597097,,1,John,Evans,P,false,Production Technician - WC50,2008-08-01 00:00:00,1977-12-29 00:00:00,adventure-works\john1,john1@adventure-works.com,172-555-0130,S,John Evans,172-555-0130,false,M,1,$11,91,65,true,false,Production,2008-08-01 00:00:00,,Current
86,1,693325305,,1,Nancy,Anderson,A,false,Production Technician - WC60,2008-08-02 00:00:00,1988-06-19 00:00:00,adventure-works\nancy0,nancy0@adventure-works.com,970-555-0118,M,Nancy Anderson,970-555-0118,false,F,1,$12.45,34,37,true,false,Production,2008-08-02 00:00:00,,Current
87,1,521265716,,1,Pilar,Ackerman,G,false,Shipping and Receiving Supervisor,2008-08-02 00:00:00,1972-04-09 00:00:00,adventure-works\pilar0,pilar0@adventure-works.com,577-555-0185,S,Pilar Ackerman,577-555-0185,true,M,2,$19.2308,93,66,true,false,Shipping and Receiving,2008-08-02 00:00:00,,Current
88,1,746373306,,1,David,Yalovsky,A,false,Production Technician - WC30,2008-08-02 00:00:00,1981-03-03 00:00:00,adventure-works\david3,david3@adventure-works.com,373-555-0142,S,David Yalovsky,373-555-0142,false,M,1,$9.5,32,36,true,false,Production,2008-08-02 00:00:00,,Current
89,1,750905084,,1,David,Hamilton,P,false,Production Supervisor - WC40,2008-08-03 00:00:00,1983-01-30 00:00:00,adventure-works\david4,david4@adventure-works.com,986-555-0177,S,David Hamilton,986-555-0177,false,M,2,$25,73,56,true,false,Production,2008-08-03 00:00:00,,Current
90,1,514829225,,1,Laura,Steele,C,false,Production Technician - WC45,2008-08-03 00:00:00,1980-07-25 00:00:00,adventure-works\laura0,laura0@adventure-works.com,777-555-0141,S,Laura Steele,777-555-0141,false,F,1,$10,75,57,true,false,Production,2008-08-03 00:00:00,,Current
91,1,750246141,,1,Margie,Shoop,W,false,Production Technician - WC60,2008-08-04 00:00:00,1985-12-18 00:00:00,adventure-works\margie0,margie0@adventure-works.com,818-555-0128,M,Margie Shoop,818-555-0128,false,F,1,$12.45,18,29,true,false,Production,2008-08-04 00:00:00,,Current
92,1,345106466,,1,Zainal,Arifin,T,false,Document Control Manager,2008-08-04 00:00:00,1975-08-30 00:00:00,adventure-works\zainal0,zainal0@adventure-works.com,204-555-0115,M,Zainal Arifin,204-555-0115,false,M,2,$17.7885,77,58,true,false,Document Control,2008-08-04 00:00:00,,Current
93,1,19312190,,1,Lorraine,Nay,O,false,Production Technician - WC40,2008-08-04 00:00:00,1988-06-26 00:00:00,adventure-works\lorraine0,lorraine0@adventure-works.com,845-555-0184,M,Lorraine Nay,845-555-0184,false,F,1,$15,49,44,true,false,Production,2008-08-04 00:00:00,,Current
94,1,212801092,,1,Fadi,Fakhouri,K,false,Production Technician - WC20,2008-08-04 00:00:00,1988-09-15 00:00:00,adventure-works\fadi0,fadi0@adventure-works.com,935-555-0116,S,Fadi Fakhouri,935-555-0116,false,M,1,$14,16,28,true,false,Production,2008-08-04 00:00:00,,Current
95,1,769680433,,1,Ryan,Cornelsen,L,false,Production Technician - WC40,2008-08-05 00:00:00,1972-01-12 00:00:00,adventure-works\ryan0,ryan0@adventure-works.com,208-555-0114,M,Ryan Cornelsen,208-555-0114,false,M,1,$15,59,49,true,false,Production,2008-08-05 00:00:00,,Current
96,1,60517918,,1,Candy,Spoon,L,false,Accounts Receivable Specialist,2008-08-06 00:00:00,1975-09-23 00:00:00,adventure-works\candy0,candy0@adventure-works.com,920-555-0177,S,Candy Spoon,920-555-0177,false,F,2,$19,61,50,true,false,Finance,2008-08-06 00:00:00,,Current
97,1,431859843,,1,Nuan,Yu,,false,Production Technician - WC50,2008-08-06 00:00:00,1978-10-27 00:00:00,adventure-works\nuan0,nuan0@adventure-works.com,913-555-0184,S,Nuan Yu,913-555-0184,false,M,1,$11,2,21,true,false,Production,2008-08-06 00:00:00,,Current
98,1,621209647,,1,William,Vong,S,false,Scheduling Assistant,2008-08-07 00:00:00,1981-06-06 00:00:00,adventure-works\william0,william0@adventure-works.com,148-555-0145,M,William Vong,148-555-0145,false,M,2,$16,45,42,true,false,Production Control,2008-08-07 00:00:00,2011-03-31 00:00:00,
99,1,621209647,,1,William,Vong,S,false,Scheduling Assistant,2008-08-07 00:00:00,1981-06-06 00:00:00,adventure-works\william0,william0@adventure-works.com,148-555-0145,M,William Vong,148-555-0145,false,M,2,$16,45,42,true,false,Production Control,2011-04-01 00:00:00,,Current
100,1,420023788,,1,Bjorn,Rettig,M,false,Production Technician - WC30,2008-08-07 00:00:00,1989-06-06 00:00:00,adventure-works\bjorn0,bjorn0@adventure-works.com,199-555-0117,S,Bjorn Rettig,199-555-0117,false,M,1,$9.5,43,41,true,false,Production,2008-08-07 00:00:00,,Current
101,1,199546871,,1,Scott,Gode,R,false,Production Technician - WC45,2008-08-08 00:00:00,1986-09-10 00:00:00,adventure-works\scott0,scott0@adventure-works.com,391-555-0138,M,Scott Gode,391-555-0138,false,M,1,$10,86,63,true,false,Production,2008-08-08 00:00:00,,Current
102,1,830150469,,1,Michael,Rothkugel,L,false,Production Technician - WC40,2008-08-10 00:00:00,1990-08-04 00:00:00,adventure-works\michael1,michael1@adventure-works.com,454-555-0119,S,Michael Rothkugel,454-555-0119,false,M,1,$15,70,55,true,false,Production,2008-08-10 00:00:00,,Current
103,1,322160340,,1,Lane,Sacksteder,M,false,Production Technician - WC20,2008-08-11 00:00:00,1974-04-23 00:00:00,adventure-works\lane0,lane0@adventure-works.com,200-555-0117,M,Lane Sacksteder,200-555-0117,false,M,1,$14,11,25,true,false,Production,2008-08-11 00:00:00,,Current
104,1,827686041,,1,Pete,Male,C,false,Production Technician - WC50,2008-08-11 00:00:00,1976-09-03 00:00:00,adventure-works\pete0,pete0@adventure-works.com,768-555-0123,S,Pete Male,768-555-0123,false,M,1,$11,13,26,true,false,Production,2008-08-11 00:00:00,,Current
105,1,671089628,,1,Dan,Bacon,K,false,Application Specialist,2008-08-11 00:00:00,1981-01-24 00:00:00,adventure-works\dan0,dan0@adventure-works.com,166-555-0159,M,Dan Bacon,166-555-0159,true,M,2,$27.4038,72,56,true,false,Information Services,2008-08-11 00:00:00,,Current
106,1,231203233,,1,David,Barber,M,false,Assistant to the Chief Financial Officer,2008-08-12 00:00:00,1964-01-20 00:00:00,adventure-works\david5,david5@adventure-works.com,477-555-0132,S,David Barber,477-555-0132,false,M,2,$13.4615,56,48,true,false,Finance,2008-08-12 00:00:00,,Current
107,1,204035155,,1,Lolan,Song,B,false,Production Technician - WC50,2008-08-12 00:00:00,1972-08-24 00:00:00,adventure-works\lolan0,lolan0@adventure-works.com,582-555-0178,M,Lolan Song,582-555-0178,false,M,1,$11,7,23,true,false,Production,2008-08-12 00:00:00,,Current
108,1,992874797,,1,Paula,Nartker,R,false,Production Technician - WC40,2008-08-12 00:00:00,1986-09-10 00:00:00,adventure-works\paula1,paula1@adventure-works.com,476-555-0119,M,Paula Nartker,476-555-0119,false,F,1,$15,54,47,true,false,Production,2008-08-12 00:00:00,,Current
109,1,767955365,,1,Mary,Gibson,E,false,Marketing Specialist,2008-08-12 00:00:00,1962-04-13 00:00:00,adventure-works\mary0,mary0@adventure-works.com,531-555-0183,M,Mary Gibson,531-555-0183,false,F,2,$14.4231,46,43,true,false,Marketing,2008-08-12 00:00:00,,Current
110,1,342607223,,1,Mindaugas,Krapauskas,J,false,Production Technician - WC50,2008-08-13 00:00:00,1977-12-05 00:00:00,adventure-works\mindaugas0,mindaugas0@adventure-works.com,637-555-0120,M,Mindaugas Krapauskas,637-555-0120,false,M,1,$11,97,68,true,false,Production,2008-08-13 00:00:00,,Current
111,1,45615666,,1,Eric,Gubbels,,false,Production Supervisor - WC20,2008-08-14 00:00:00,1984-08-19 00:00:00,adventure-works\eric0,eric0@adventure-works.com,260-555-0119,M,Eric Gubbels,260-555-0119,false,M,2,$25,40,40,true,false,Production,2008-08-14 00:00:00,,Current
112,,295847284,,1,Ken,Sánchez,J,false,Chief Executive Officer,2008-08-14 00:00:00,1968-08-29 00:00:00,adventure-works\ken0,ken0@adventure-works.com,697-555-0142,S,Ken Sánchez,697-555-0142,true,M,2,$125.5,99,69,true,false,Executive,2008-08-14 00:00:00,,Current
113,1,733022683,,1,Jason,Watters,M,false,Production Technician - WC30,2008-08-14 00:00:00,1988-07-07 00:00:00,adventure-works\jason0,jason0@adventure-works.com,571-555-0179,S,Jason Watters,571-555-0179,false,M,1,$9.5,38,39,true,false,Production,2008-08-14 00:00:00,,Current
114,1,381772114,,1,Mark,Harrington,L,false,Quality Assurance Technician,2008-08-15 00:00:00,1985-11-28 00:00:00,adventure-works\mark0,mark0@adventure-works.com,147-555-0179,S,Mark Harrington,147-555-0179,false,M,2,$10.5769,83,61,true,false,Quality Assurance,2008-08-15 00:00:00,,Current
115,1,187369436,,1,Janeth,Esteves,M,false,Production Technician - WC45,2008-08-15 00:00:00,1972-02-22 00:00:00,adventure-works\janeth0,janeth0@adventure-works.com,540-555-0191,S,Janeth Esteves,540-555-0191,false,F,1,$10,81,60,true,false,Production,2008-08-15 00:00:00,,Current
116,1,364818297,,1,Marc,Ingle,J,false,Production Technician - WC30,2008-08-16 00:00:00,1986-05-24 00:00:00,adventure-works\marc0,marc0@adventure-works.com,234-555-0169,M,Marc Ingle,234-555-0169,false,M,1,$9.5,22,31,true,false,Production,2008-08-16 00:00:00,,Current
117,1,658797903,,1,Gigi,Matthew,N,false,Research and Development Engineer,2008-08-16 00:00:00,1978-08-21 00:00:00,adventure-works\gigi0,gigi0@adventure-works.com,185-555-0186,M,Gigi Matthew,185-555-0186,true,F,2,$40.8654,63,51,true,false,Research and Development,2008-08-16 00:00:00,,Current
118,1,886023130,,1,Paul,Singh,R,false,Production Technician - WC20,2008-08-17 00:00:00,1990-06-04 00:00:00,adventure-works\paul1,paul1@adventure-works.com,727-555-0112,M,Paul Singh,727-555-0112,false,M,1,$14,6,23,true,false,Production,2008-08-17 00:00:00,,Current
119,1,749211824,,1,Frank,Lee,T,false,Production Technician - WC40,2008-08-17 00:00:00,1987-04-06 00:00:00,adventure-works\frank0,frank0@adventure-works.com,158-555-0191,M,Frank Lee,158-555-0191,false,M,1,$15,56,48,true,false,Production,2008-08-17 00:00:00,,Current
120,1,643805155,,1,François,Ajenstat,P,false,Database Administrator,2008-08-17 00:00:00,1980-06-13 00:00:00,adventure-works\françois0,françois0@adventure-works.com,785-555-0110,S,François Ajenstat,785-555-0110,true,M,2,$38.4615,67,53,true,false,Information Services,2008-08-17 00:00:00,,Current
121,1,92096924,,1,Diane,Tibbott,H,false,Production Technician - WC50,2008-08-18 00:00:00,1989-03-09 00:00:00,adventure-works\diane2,diane2@adventure-works.com,361-555-0180,S,Diane Tibbott,361-555-0180,false,F,1,$11,8,24,true,false,Production,2008-08-18 00:00:00,,Current
122,1,72636981,,1,Jill,Williams,A,false,Marketing Specialist,2008-08-18 00:00:00,1979-01-16 00:00:00,adventure-works\jill0,jill0@adventure-works.com,510-555-0121,M,Jill Williams,510-555-0121,false,F,2,$14.4231,47,43,true,false,Marketing,2008-08-18 00:00:00,,Current
123,1,563680513,,1,Angela,Barbariol,W,false,Production Technician - WC50,2008-08-20 00:00:00,1990-12-29 00:00:00,adventure-works\angela0,angela0@adventure-works.com,150-555-0194,S,Angela Barbariol,150-555-0194,false,F,1,$11,92,66,true,false,Production,2008-08-20 00:00:00,,Current
124,1,584205124,,1,Matthias,Berndt,T,false,Shipping and Receiving Clerk,2008-08-20 00:00:00,1973-06-11 00:00:00,adventure-works\matthias0,matthias0@adventure-works.com,139-555-0120,M,Matthias Berndt,139-555-0120,false,M,2,$9.5,94,67,true,false,Shipping and Receiving,2008-08-20 00:00:00,,Current
125,1,458159238,,1,Bryan,Baker,,false,Production Technician - WC60,2008-08-21 00:00:00,1973-03-27 00:00:00,adventure-works\bryan0,bryan0@adventure-works.com,712-555-0113,S,Bryan Baker,712-555-0113,false,M,1,$12.45,35,37,true,false,Production,2008-08-21 00:00:00,,Current
126,1,712885347,,1,Jeff,Hay,V,false,Production Supervisor - WC45,2008-08-21 00:00:00,1976-08-15 00:00:00,adventure-works\jeff0,jeff0@adventure-works.com,350-555-0167,M,Jeff Hay,350-555-0167,false,M,2,$25,74,57,true,false,Production,2008-08-21 00:00:00,,Current
127,1,87268837,,1,Eugene,Zabokritski,R,false,Production Technician - WC30,2008-08-21 00:00:00,1987-02-12 00:00:00,adventure-works\eugene0,eugene0@adventure-works.com,241-555-0191,S,Eugene Zabokritski,241-555-0191,false,M,1,$9.5,33,36,true,false,Production,2008-08-21 00:00:00,,Current
128,1,969985265,,1,Barbara,Decker,S,false,Production Technician - WC20,2008-08-22 00:00:00,1984-07-29 00:00:00,adventure-works\barbara0,barbara0@adventure-works.com,119-555-0192,M,Barbara Decker,119-555-0192,false,F,1,$14,17,28,true,false,Production,2008-08-22 00:00:00,,Current
129,1,539490372,,1,Chris,Preston,T,false,Production Technician - WC45,2008-08-22 00:00:00,1988-07-16 00:00:00,adventure-works\chris0,chris0@adventure-works.com,200-555-0112,M,Chris Preston,200-555-0112,false,M,1,$10,76,58,true,false,Production,2008-08-22 00:00:00,,Current
130,1,242381745,,1,Sean,Chai,N,false,Document Control Assistant,2008-08-22 00:00:00,1986-10-10 00:00:00,adventure-works\sean1,sean1@adventure-works.com,205-555-0132,S,Sean Chai,205-555-0132,false,M,2,$10.25,78,59,true,false,Document Control,2008-08-22 00:00:00,,Current
131,1,929666391,,1,Dan,Wilson,B,false,Database Administrator,2008-08-22 00:00:00,1975-08-06 00:00:00,adventure-works\dan1,dan1@adventure-works.com,653-555-0144,M,Dan Wilson,653-555-0144,true,M,2,$38.4615,66,53,true,false,Information Services,2008-08-22 00:00:00,,Current
132,1,948320468,,1,Mark,McArthur,K,false,Production Technician - WC60,2008-08-23 00:00:00,1979-04-25 00:00:00,adventure-works\mark1,mark1@adventure-works.com,417-555-0154,S,Mark McArthur,417-555-0154,false,M,1,$12.45,19,29,true,false,Production,2008-08-23 00:00:00,,Current
133,1,931190412,,1,Bryan,Walton,A,false,Accounts Receivable Specialist,2008-08-24 00:00:00,1984-04-20 00:00:00,adventure-works\bryan1,bryan1@adventure-works.com,935-555-0199,S,Bryan Walton,935-555-0199,false,M,2,$19,62,51,true,false,Finance,2008-08-24 00:00:00,,Current
134,1,153288994,,1,Houman,Pournasseh,N,false,Production Technician - WC50,2008-08-25 00:00:00,1971-03-30 00:00:00,adventure-works\houman0,houman0@adventure-works.com,180-555-0136,M,Houman Pournasseh,180-555-0136,false,M,1,$11,3,21,true,false,Production,2008-08-25 00:00:00,,Current
135,1,981495526,,1,Sairaj,Uddin,L,false,Scheduling Assistant,2008-08-26 00:00:00,1987-07-22 00:00:00,adventure-works\sairaj0,sairaj0@adventure-works.com,500-555-0159,M,Sairaj Uddin,500-555-0159,false,M,2,$16,46,43,true,false,Production Control,2008-08-26 00:00:00,,Current
136,1,363996959,,1,Michiko,Osada,F,false,Production Technician - WC30,2008-08-26 00:00:00,1982-01-25 00:00:00,adventure-works\michiko0,michiko0@adventure-works.com,984-555-0148,S,Michiko Osada,984-555-0148,false,M,1,$9.5,44,42,true,false,Production,2008-08-26 00:00:00,,Current
137,1,585408256,,1,Benjamin,Martin,R,false,Production Technician - WC30,2008-08-27 00:00:00,1985-08-05 00:00:00,adventure-works\benjamin0,benjamin0@adventure-works.com,533-555-0111,S,Benjamin Martin,533-555-0111,false,M,1,$9.5,28,34,true,false,Production,2008-08-27 00:00:00,,Current
138,1,386315192,,1,Cynthia,Randall,S,false,Production Supervisor - WC30,2008-08-27 00:00:00,1981-03-18 00:00:00,adventure-works\cynthia0,cynthia0@adventure-works.com,352-555-0138,S,Cynthia Randall,352-555-0138,false,F,2,$25,69,54,true,false,Production,2008-08-27 00:00:00,,Current
139,1,167554340,,1,Kathie,Flood,E,false,Production Technician - WC45,2008-08-27 00:00:00,1990-06-01 00:00:00,adventure-works\kathie0,kathie0@adventure-works.com,446-555-0118,M,Kathie Flood,446-555-0118,false,F,1,$10,87,63,true,false,Production,2008-08-27 00:00:00,,Current
140,1,410742000,,1,Britta,Simon,L,false,Production Technician - WC60,2008-08-29 00:00:00,1989-04-28 00:00:00,adventure-works\britta0,britta0@adventure-works.com,955-555-0169,M,Britta Simon,955-555-0169,false,F,1,$12.45,14,27,true,false,Production,2008-08-29 00:00:00,,Current
141,1,746201340,,1,Brian,Lloyd,T,false,Production Technician - WC40,2008-08-29 00:00:00,1976-09-10 00:00:00,adventure-works\brian0,brian0@adventure-works.com,110-555-0182,S,Brian Lloyd,110-555-0182,false,M,1,$15,55,47,true,false,Production,2008-08-29 00:00:00,,Current
142,1,30845,,1,David,Liu,J,false,Accounts Manager,2008-08-30 00:00:00,1983-02-05 00:00:00,adventure-works\david6,david6@adventure-works.com,646-555-0185,M,David Liu,646-555-0185,true,M,2,$34.7356,57,48,true,false,Finance,2008-08-30 00:00:00,,Current
143,1,184188301,,1,Laura,Norman,F,false,Chief Financial Officer,2008-08-31 00:00:00,1975-08-06 00:00:00,adventure-works\laura1,laura1@adventure-works.com,615-555-0110,M,Laura Norman,615-555-0110,true,F,2,$60.0962,0,20,true,false,Executive,2008-08-31 00:00:00,2013-06-13 00:00:00,
144,1,184188301,,1,Laura,Norman,F,false,Chief Financial Officer,2008-08-31 00:00:00,1975-08-06 00:00:00,adventure-works\laura1,laura1@adventure-works.com,615-555-0110,M,Laura Norman,615-555-0110,true,F,2,$60.0962,0,20,true,false,Executive,2013-06-13 00:00:00,,Current
145,1,398737566,,1,Michael,Patten,W,false,Production Technician - WC50,2008-08-31 00:00:00,1973-12-01 00:00:00,adventure-works\michael2,michael2@adventure-works.com,441-555-0195,S,Michael Patten,441-555-0195,false,M,1,$11,98,69,true,false,Production,2008-08-31 00:00:00,,Current
146,1,764853868,,1,Andy,Ruth,M,false,Production Technician - WC30,2008-08-31 00:00:00,1983-05-20 00:00:00,adventure-works\andy0,andy0@adventure-works.com,118-555-0110,M,Andy Ruth,118-555-0110,false,M,1,$9.5,39,39,true,false,Production,2008-08-31 00:00:00,,Current
147,1,319472946,,1,Yuhong,Li,L,false,Production Supervisor - WC20,2008-09-01 00:00:00,1976-11-04 00:00:00,adventure-works\yuhong0,yuhong0@adventure-works.com,965-555-0155,M,Yuhong Li,965-555-0155,false,M,2,$25,41,40,true,false,Production,2008-09-01 00:00:00,,Current
148,1,456839592,,1,Robert,Rounthwaite,J,false,Production Technician - WC45,2008-09-02 00:00:00,1984-09-28 00:00:00,adventure-works\robert0,robert0@adventure-works.com,589-555-0147,S,Robert Rounthwaite,589-555-0147,false,M,1,$10,82,61,true,false,Production,2008-09-02 00:00:00,,Current
149,1,131471224,,1,Andreas,Berglund,T,false,Quality Assurance Technician,2008-09-02 00:00:00,1988-10-26 00:00:00,adventure-works\andreas0,andreas0@adventure-works.com,181-555-0124,M,Andreas Berglund,181-555-0124,false,M,2,$10.5769,84,62,true,false,Quality Assurance,2008-09-02 00:00:00,,Current
150,1,259388196,,1,Reed,Koch,T,false,Production Technician - WC30,2008-09-02 00:00:00,1988-08-08 00:00:00,adventure-works\reed0,reed0@adventure-works.com,678-555-0110,M,Reed Koch,678-555-0110,false,M,1,$9.5,23,31,true,false,Production,2008-09-02 00:00:00,,Current
151,1,812797414,,1,Linda,Randall,A,false,Production Technician - WC20,2008-09-03 00:00:00,1977-05-05 00:00:00,adventure-works\linda1,linda1@adventure-works.com,696-555-0157,S,Linda Randall,696-555-0157,false,F,1,$14,12,26,true,false,Production,2008-09-03 00:00:00,,Current
152,1,519899904,,1,James,Hamilton,R,false,Vice President of Production,2008-09-03 00:00:00,1988-02-04 00:00:00,adventure-works\james1,james1@adventure-works.com,870-555-0122,S,James Hamilton,870-555-0122,true,M,2,$84.1346,64,52,true,false,Production,2008-09-03 00:00:00,,Current
153,1,314747499,,1,Ramesh,Meyyappan,V,false,Application Specialist,2008-09-03 00:00:00,1987-10-12 00:00:00,adventure-works\ramesh0,ramesh0@adventure-works.com,182-555-0134,S,Ramesh Meyyappan,182-555-0134,true,M,2,$27.4038,73,56,true,false,Information Services,2008-09-03 00:00:00,,Current
154,1,858323870,,1,Stephanie,Conroy,A,false,Network Manager,2008-09-04 00:00:00,1983-10-24 00:00:00,adventure-works\stephanie0,stephanie0@adventure-works.com,594-555-0110,S,Stephanie Conroy,594-555-0110,true,F,2,$39.6635,68,54,true,false,Information Services,2008-09-04 00:00:00,,Current
155,1,25011600,,1,Samantha,Smith,H,false,Production Technician - WC20,2008-09-04 00:00:00,1987-06-22 00:00:00,adventure-works\samantha0,samantha0@adventure-works.com,587-555-0114,M,Samantha Smith,587-555-0114,false,F,1,$14,7,23,true,false,Production,2008-09-04 00:00:00,,Current
156,1,436757988,,1,Tawana,Nusbaum,G,false,Production Technician - WC40,2008-09-05 00:00:00,1989-06-10 00:00:00,adventure-works\tawana0,tawana0@adventure-works.com,368-555-0113,S,Tawana Nusbaum,368-555-0113,false,M,1,$15,50,45,true,false,Production,2008-09-05 00:00:00,,Current
157,1,652535724,,1,Denise,Smith,H,false,Production Technician - WC50,2008-09-05 00:00:00,1988-02-04 00:00:00,adventure-works\denise0,denise0@adventure-works.com,869-555-0119,M,Denise Smith,869-555-0119,false,F,1,$11,9,24,true,false,Production,2008-09-05 00:00:00,,Current
158,1,416679555,,1,Hao,Chen,O,false,Human Resources Administrative Assistant,2008-09-06 00:00:00,1976-11-15 00:00:00,adventure-works\hao0,hao0@adventure-works.com,806-555-0136,S,Hao Chen,806-555-0136,false,M,2,$13.9423,52,46,true,false,Human Resources,2008-09-06 00:00:00,,Current
159,1,377784364,,1,Alex,Nayberg,M,false,Production Technician - WC45,2008-09-08 00:00:00,1989-11-11 00:00:00,adventure-works\alex0,alex0@adventure-works.com,819-555-0198,M,Alex Nayberg,819-555-0198,false,M,1,$10,77,58,true,false,Production,2008-09-08 00:00:00,,Current
160,1,66073987,,1,Eugene,Kogan,O,false,Production Technician - WC60,2008-09-08 00:00:00,1975-09-10 00:00:00,adventure-works\eugene1,eugene1@adventure-works.com,173-555-0179,S,Eugene Kogan,173-555-0179,false,M,1,$12.45,36,38,true,false,Production,2008-09-08 00:00:00,,Current
161,1,999440576,,1,Brandon,Heidepriem,G,false,Production Technician - WC60,2008-09-08 00:00:00,1976-08-10 00:00:00,adventure-works\brandon0,brandon0@adventure-works.com,429-555-0137,M,Brandon Heidepriem,429-555-0137,false,M,1,$12.45,22,31,true,false,Production,2008-09-08 00:00:00,,Current
162,1,134969118,,1,Dylan,Miller,A,false,Research and Development Manager,2008-09-08 00:00:00,1986-09-24 00:00:00,adventure-works\dylan0,dylan0@adventure-works.com,181-555-0156,M,Dylan Miller,181-555-0156,true,M,2,$50.4808,61,50,true,false,Research and Development,2008-09-08 00:00:00,,Current
163,1,551834634,,1,Shane,Kim,S,false,Production Supervisor - WC45,2008-09-08 00:00:00,1989-12-22 00:00:00,adventure-works\shane0,shane0@adventure-works.com,810-555-0178,S,Shane Kim,810-555-0178,false,M,2,$25,75,57,true,false,Production,2008-09-08 00:00:00,,Current
164,1,305522471,,1,John,Chen,Y,false,Production Technician - WC20,2008-09-09 00:00:00,1985-11-03 00:00:00,adventure-works\john2,john2@adventure-works.com,201-555-0163,M,John Chen,201-555-0163,false,M,1,$14,18,29,true,false,Production,2008-09-09 00:00:00,,Current
165,1,260770918,,1,Karen,Berge,R,false,Document Control Assistant,2008-09-09 00:00:00,1975-07-25 00:00:00,adventure-works\karen0,karen0@adventure-works.com,746-555-0164,M,Karen Berge,746-555-0164,false,F,2,$10.25,79,59,true,false,Document Control,2008-09-09 00:00:00,,Current
166,1,788456780,,1,Jose,Lugo,R,false,Production Technician - WC60,2008-09-10 00:00:00,1984-02-29 00:00:00,adventure-works\jose0,jose0@adventure-works.com,587-555-0115,M,Jose Lugo,587-555-0115,false,M,1,$12.45,20,30,true,false,Production,2008-09-10 00:00:00,,Current
167,1,370581729,,1,Mandar,Samant,H,false,Production Technician - WC50,2008-09-10 00:00:00,1985-10-19 00:00:00,adventure-works\mandar0,mandar0@adventure-works.com,140-555-0132,S,Mandar Samant,140-555-0132,false,M,1,$11,0,20,true,false,Production,2008-09-10 00:00:00,,Current
168,1,603686790,,1,Mikael,Sandberg,Q,false,Buyer,2008-09-10 00:00:00,1984-03-17 00:00:00,adventure-works\mikael0,mikael0@adventure-works.com,309-555-0170,S,Mikael Sandberg,309-555-0170,false,M,2,$18.2692,59,49,true,false,Purchasing,2008-09-10 00:00:00,,Current
169,1,152085091,,1,Sameer,Tejani,A,false,Production Technician - WC50,2008-09-11 00:00:00,1978-01-24 00:00:00,adventure-works\sameer0,sameer0@adventure-works.com,990-555-0172,M,Sameer Tejani,990-555-0172,false,M,1,$11,4,22,true,false,Production,2008-09-11 00:00:00,,Current
170,1,663843431,,1,Dragan,Tomic,K,false,Accounts Payable Specialist,2008-09-11 00:00:00,1976-09-14 00:00:00,adventure-works\dragan0,dragan0@adventure-works.com,117-555-0185,M,Dragan Tomic,117-555-0185,false,M,2,$19,63,51,true,false,Finance,2008-09-11 00:00:00,,Current
171,1,227319668,,1,Carol,Philips,M,false,Production Technician - WC30,2008-09-12 00:00:00,1988-05-17 00:00:00,adventure-works\carol0,carol0@adventure-works.com,609-555-0153,M,Carol Philips,609-555-0153,false,F,1,$9.5,45,42,true,false,Production,2008-09-12 00:00:00,,Current
172,1,578953538,,1,Rob,Caron,T,false,Production Technician - WC40,2008-09-13 00:00:00,1973-03-04 00:00:00,adventure-works\rob1,rob1@adventure-works.com,238-555-0116,S,Rob Caron,238-555-0116,false,M,1,$15,71,55,true,false,Production,2008-09-13 00:00:00,,Current
173,1,222400012,,1,Don,Hall,L,false,Production Technician - WC50,2008-09-13 00:00:00,1971-01-11 00:00:00,adventure-works\don0,don0@adventure-works.com,100-555-0174,M,Don Hall,100-555-0174,false,M,1,$11,88,64,true,false,Production,2008-09-13 00:00:00,,Current
174,1,470689086,,1,Alan,Brewer,J,false,Scheduling Assistant,2008-09-13 00:00:00,1983-10-28 00:00:00,adventure-works\alan0,alan0@adventure-works.com,438-555-0172,M,Alan Brewer,438-555-0172,false,M,2,$16,47,43,true,false,Production Control,2008-09-13 00:00:00,,Current
175,1,860123571,,1,David,Lawrence,Oliver,false,Production Technician - WC30,2008-09-14 00:00:00,1985-04-23 00:00:00,adventure-works\david7,david7@adventure-works.com,118-555-0177,M,David Lawrence,118-555-0177,false,M,1,$9.5,29,34,true,false,Production,2008-09-14 00:00:00,,Current
176,1,273260055,,1,Baris,Cetinok,F,false,Production Technician - WC40,2008-09-15 00:00:00,1990-05-07 00:00:00,adventure-works\baris0,baris0@adventure-works.com,164-555-0114,S,Baris Cetinok,164-555-0114,false,M,1,$15,72,56,true,false,Production,2008-09-15 00:00:00,,Current
177,1,578935259,,1,Michael,Ray,Sean,false,Production Supervisor - WC30,2008-09-15 00:00:00,1988-08-29 00:00:00,adventure-works\michael3,michael3@adventure-works.com,156-555-0199,S,Michael Ray,156-555-0199,false,M,2,$25,70,55,true,false,Production,2008-09-15 00:00:00,,Current
178,1,752513276,,1,Steve,Masters,F,false,Production Technician - WC60,2008-09-15 00:00:00,1990-11-04 00:00:00,adventure-works\steve0,steve0@adventure-works.com,712-555-0170,S,Steve Masters,712-555-0170,false,M,1,$12.45,31,35,true,false,Production,2008-09-15 00:00:00,,Current
179,1,754372876,,1,Suchitra,Mohan,O,false,Production Technician - WC60,2008-09-16 00:00:00,1987-01-08 00:00:00,adventure-works\suchitra0,suchitra0@adventure-works.com,753-555-0129,M,Suchitra Mohan,753-555-0129,false,F,1,$12.45,15,27,true,false,Production,2008-09-16 00:00:00,,Current
180,1,58317344,,1,Karen,Berg,A,false,Application Specialist,2008-09-16 00:00:00,1977-12-17 00:00:00,adventure-works\karen1,karen1@adventure-works.com,654-555-0177,S,Karen Berg,654-555-0177,true,F,2,$27.4038,74,57,true,false,Information Services,2008-09-16 00:00:00,,Current
181,1,404159499,,1,Terrence,Earls,W,false,Production Technician - WC20,2008-09-16 00:00:00,1984-07-08 00:00:00,adventure-works\terrence0,terrence0@adventure-works.com,110-555-0115,S,Terrence Earls,110-555-0115,false,M,1,$14,13,26,true,false,Production,2008-09-16 00:00:00,,Current
182,1,363910111,,1,Barbara,Moreland,C,false,Accountant,2008-09-18 00:00:00,1975-08-04 00:00:00,adventure-works\barbara1,barbara1@adventure-works.com,822-555-0145,M,Barbara Moreland,822-555-0145,true,F,2,$26.4423,58,49,true,false,Finance,2008-09-18 00:00:00,,Current
183,1,599942664,,1,Chad,Niswonger,W,false,Production Technician - WC50,2008-09-18 00:00:00,1990-03-04 00:00:00,adventure-works\chad0,chad0@adventure-works.com,559-555-0175,M,Chad Niswonger,559-555-0175,false,M,1,$11,99,69,true,false,Production,2008-09-18 00:00:00,,Current
184,1,993310268,,1,Rostislav,Shabalin,E,false,Production Technician - WC30,2008-09-19 00:00:00,1977-04-13 00:00:00,adventure-works\rostislav0,rostislav0@adventure-works.com,751-555-0134,M,Rostislav Shabalin,751-555-0134,false,M,1,$9.5,40,40,true,false,Production,2008-09-19 00:00:00,,Current
185,1,20244403,,1,Belinda,Newman,M,false,Production Technician - WC45,2008-09-20 00:00:00,1974-10-15 00:00:00,adventure-works\belinda0,belinda0@adventure-works.com,319-555-0126,S,Belinda Newman,319-555-0126,false,F,1,$10,83,61,true,false,Production,2008-09-20 00:00:00,,Current
186,1,862951447,,1,Katie,McAskill-White,L,false,Production Supervisor - WC20,2008-09-20 00:00:00,1984-06-18 00:00:00,adventure-works\katie0,katie0@adventure-works.com,809-555-0133,S,Katie McAskill-White,809-555-0133,false,F,2,$25,42,41,true,false,Production,2008-09-20 00:00:00,,Current
187,1,551346974,,1,Russell,King,M,false,Production Technician - WC30,2008-09-21 00:00:00,1981-09-11 00:00:00,adventure-works\russell1,russell1@adventure-works.com,517-555-0122,M,Russell King,517-555-0122,false,M,1,$9.5,24,32,true,false,Production,2008-09-21 00:00:00,,Current
188,1,60114406,,1,Jack,Richins,S,false,Production Supervisor - WC30,2008-09-21 00:00:00,1983-01-20 00:00:00,adventure-works\jack0,jack0@adventure-works.com,552-555-0111,S,Jack Richins,552-555-0111,false,M,2,$25,68,54,true,false,Production,2008-09-21 00:00:00,,Current
189,1,33237992,,1,Andrew,Hill,R,false,Production Supervisor - WC10,2008-09-22 00:00:00,1988-04-06 00:00:00,adventure-works\andrew0,andrew0@adventure-works.com,908-555-0159,S,Andrew Hill,908-555-0159,false,M,2,$25,65,52,true,false,Production,2008-09-22 00:00:00,,Current
190,1,1300049,,1,Nicole,Holliday,B,false,Production Technician - WC40,2008-09-22 00:00:00,1985-11-07 00:00:00,adventure-works\nicole0,nicole0@adventure-works.com,508-555-0129,M,Nicole Holliday,508-555-0129,false,F,1,$15,67,53,true,false,Production,2008-09-22 00:00:00,,Current
191,1,10708100,,1,Frank,Miller,T,false,Production Technician - WC50,2008-09-23 00:00:00,1971-02-21 00:00:00,adventure-works\frank1,frank1@adventure-works.com,167-555-0139,S,Frank Miller,167-555-0139,false,M,1,$11,10,25,true,false,Production,2008-09-23 00:00:00,,Current
192,1,672243793,,1,Peter,Connelly,I,false,Network Administrator,2008-09-23 00:00:00,1979-12-27 00:00:00,adventure-works\peter1,peter1@adventure-works.com,310-555-0133,S,Peter Connelly,310-555-0133,false,M,2,$32.4519,69,54,true,false,Information Services,2008-09-23 00:00:00,,Current
193,1,63761469,,1,Anibal,Sousa,T,false,Production Technician - WC20,2008-09-23 00:00:00,1974-04-05 00:00:00,adventure-works\anibal0,anibal0@adventure-works.com,106-555-0120,S,Anibal Sousa,106-555-0120,false,F,1,$14,8,24,true,false,Production,2008-09-23 00:00:00,,Current
194,1,693168613,,1,Ken,Myer,L,false,Production Technician - WC40,2008-09-24 00:00:00,1980-12-26 00:00:00,adventure-works\ken1,ken1@adventure-works.com,949-555-0174,M,Ken Myer,949-555-0174,false,M,1,$15,51,45,true,false,Production,2008-09-24 00:00:00,,Current
195,1,476980013,,1,Grant,Culbertson,N,false,Human Resources Administrative Assistant,2008-09-25 00:00:00,1975-11-15 00:00:00,adventure-works\grant0,grant0@adventure-works.com,955-555-0131,S,Grant Culbertson,955-555-0131,false,M,2,$13.9423,53,46,true,false,Human Resources,2008-09-25 00:00:00,,Current
196,1,334834274,,1,Michael,Entin,T,false,Production Technician - WC50,2008-09-25 00:00:00,1989-01-13 00:00:00,adventure-works\michael4,michael4@adventure-works.com,817-555-0186,S,Michael Entin,817-555-0186,false,M,1,$11,94,67,true,false,Production,2008-09-25 00:00:00,,Current
197,1,399658727,,1,Lionel,Penuchot,C,false,Production Technician - WC45,2008-09-26 00:00:00,1987-10-13 00:00:00,adventure-works\lionel0,lionel0@adventure-works.com,450-555-0152,S,Lionel Penuchot,450-555-0152,false,M,1,$10,78,59,true,false,Production,2008-09-26 00:00:00,,Current
198,1,500412746,,1,Thomas,Michaels,R,false,Production Technician - WC60,2008-09-26 00:00:00,1985-08-10 00:00:00,adventure-works\thomas0,thomas0@adventure-works.com,278-555-0118,M,Thomas Michaels,278-555-0118,false,M,1,$12.45,37,38,true,false,Production,2008-09-26 00:00:00,,Current
199,1,652779496,,1,Jimmy,Bischoff,T,false,Stocker,2008-09-26 00:00:00,1990-06-01 00:00:00,adventure-works\jimmy0,jimmy0@adventure-works.com,927-555-0168,M,Jimmy Bischoff,927-555-0168,false,M,1,$9,96,68,true,false,Shipping and Receiving,2008-09-26 00:00:00,,Current
200,1,878395493,,1,Michael,Vanderhyde,T,false,Production Technician - WC30,2008-09-26 00:00:00,1982-04-18 00:00:00,adventure-works\michael5,michael5@adventure-works.com,296-555-0121,M,Michael Vanderhyde,296-555-0121,false,M,1,$9.5,35,37,true,false,Production,2008-09-26 00:00:00,,Current
201,1,332349500,,1,Lori,Kane,A,false,Production Supervisor - WC45,2008-09-26 00:00:00,1980-02-16 00:00:00,adventure-works\lori0,lori0@adventure-works.com,289-555-0196,S,Lori Kane,289-555-0196,false,F,2,$25,76,58,true,false,Production,2008-09-26 00:00:00,,Current
202,1,792847334,,1,Arvind,Rao,B,false,Buyer,2008-09-28 00:00:00,1974-03-21 00:00:00,adventure-works\arvind0,arvind0@adventure-works.com,848-555-0163,M,Arvind Rao,848-555-0163,false,M,2,$18.2692,60,50,true,false,Purchasing,2008-09-28 00:00:00,,Current
203,1,621932914,,1,Stefen,Hesse,A,false,Production Technician - WC20,2008-09-28 00:00:00,1975-07-21 00:00:00,adventure-works\stefen0,stefen0@adventure-works.com,165-555-0113,S,Stefen Hesse,165-555-0113,false,M,1,$14,19,29,true,false,Production,2008-09-28 00:00:00,,Current
204,1,398223854,,1,Hazem,Abolrous,E,false,Quality Assurance Manager,2008-09-28 00:00:00,1977-05-26 00:00:00,adventure-works\hazem0,hazem0@adventure-works.com,869-555-0125,S,Hazem Abolrous,869-555-0125,true,M,2,$28.8462,80,60,true,false,Quality Assurance,2008-09-28 00:00:00,,Current
205,1,519756660,,1,Janet,Sheperdigian,L,false,Accounts Payable Specialist,2008-09-29 00:00:00,1978-10-07 00:00:00,adventure-works\janet0,janet0@adventure-works.com,393-555-0186,M,Janet Sheperdigian,393-555-0186,false,F,2,$19,64,52,true,false,Finance,2008-09-29 00:00:00,,Current
206,1,912141525,,1,Elizabeth,Keyser,I,false,Production Technician - WC50,2008-09-30 00:00:00,1989-08-25 00:00:00,adventure-works\elizabeth0,elizabeth0@adventure-works.com,318-555-0137,M,Elizabeth Keyser,318-555-0137,false,F,1,$11,5,22,true,false,Production,2008-09-30 00:00:00,,Current
207,1,243322160,,1,Terry,Eminhizer,J,false,Marketing Specialist,2008-09-30 00:00:00,1985-09-04 00:00:00,adventure-works\terry0,terry0@adventure-works.com,138-555-0118,M,Terry Eminhizer,138-555-0118,false,M,2,$14.4231,44,42,true,false,Marketing,2008-09-30 00:00:00,,Current
208,1,568626529,,1,John,Frum,N,false,Production Technician - WC30,2008-10-01 00:00:00,1981-10-22 00:00:00,adventure-works\john3,john3@adventure-works.com,663-555-0172,S,John Frum,663-555-0172,false,M,1,$9.5,27,33,true,false,Production,2008-10-01 00:00:00,,Current
209,1,301435199,,1,Merav,Netz,A,false,Production Technician - WC30,2008-10-01 00:00:00,1982-12-11 00:00:00,adventure-works\merav0,merav0@adventure-works.com,224-555-0187,M,Merav Netz,224-555-0187,false,F,1,$9.5,46,43,true,false,Production,2008-10-01 00:00:00,,Current
210,1,368691270,,1,Brian,LaMee,P,false,Scheduling Assistant,2008-10-01 00:00:00,1984-03-11 00:00:00,adventure-works\brian1,brian1@adventure-works.com,313-555-0196,M,Brian LaMee,313-555-0196,false,M,2,$16,48,44,true,false,Production Control,2008-10-01 00:00:00,,Current
211,1,211789056,,1,Kitti,Lertpiriyasuwat,H,false,Production Technician - WC50,2008-10-02 00:00:00,1987-01-04 00:00:00,adventure-works\kitti0,kitti0@adventure-works.com,785-555-0132,S,Kitti Lertpiriyasuwat,785-555-0132,false,F,1,$11,89,64,true,false,Production,2008-10-02 00:00:00,,Current
212,1,63179277,,1,Jay,Adams,G,false,Production Technician - WC60,2008-10-03 00:00:00,1975-09-11 00:00:00,adventure-works\jay0,jay0@adventure-works.com,407-555-0165,S,Jay Adams,407-555-0165,false,M,1,$12.45,32,36,true,false,Production,2008-10-03 00:00:00,,Current
213,1,587567941,,1,Jan,Miksovsky,S,false,Production Technician - WC30,2008-10-03 00:00:00,1974-06-15 00:00:00,adventure-works\jan0,jan0@adventure-works.com,139-555-0131,S,Jan Miksovsky,139-555-0131,false,M,1,$9.5,30,35,true,false,Production,2008-10-03 00:00:00,,Current
214,1,634335025,,1,Brenda,Diaz,M,false,Production Supervisor - WC40,2008-10-03 00:00:00,1982-09-28 00:00:00,adventure-works\brenda0,brenda0@adventure-works.com,142-555-0139,M,Brenda Diaz,142-555-0139,false,F,2,$25,71,55,true,false,Production,2008-10-03 00:00:00,,Current
215,1,65848458,,1,Andrew,Cencini,M,false,Production Technician - WC45,2008-10-04 00:00:00,1988-04-24 00:00:00,adventure-works\andrew1,andrew1@adventure-works.com,207-555-0192,S,Andrew Cencini,207-555-0192,false,M,1,$10,73,56,true,false,Production,2008-10-04 00:00:00,,Current
216,1,260805477,,1,Chris,Norred,K,false,Control Specialist,2008-10-04 00:00:00,1986-12-24 00:00:00,adventure-works\chris1,chris1@adventure-works.com,575-555-0126,M,Chris Norred,575-555-0126,false,M,2,$16.8269,75,57,true,false,Document Control,2008-10-04 00:00:00,,Current
217,1,442121106,,1,Chris,Okelberry,O,false,Production Technician - WC60,2008-10-05 00:00:00,1986-03-07 00:00:00,adventure-works\chris2,chris2@adventure-works.com,315-555-0144,S,Chris Okelberry,315-555-0144,false,M,1,$12.45,16,28,true,false,Production,2008-10-05 00:00:00,,Current
218,1,300946911,,1,Shelley,Dyck,N,false,Production Technician - WC20,2008-10-05 00:00:00,1986-07-08 00:00:00,adventure-works\shelley0,shelley0@adventure-works.com,991-555-0184,S,Shelley Dyck,991-555-0184,false,F,1,$14,14,27,true,false,Production,2008-10-05 00:00:00,,Current
219,1,440379437,,1,Gabe,Mares,B,false,Production Technician - WC40,2008-10-06 00:00:00,1987-12-09 00:00:00,adventure-works\gabe0,gabe0@adventure-works.com,310-555-0117,M,Gabe Mares,310-555-0117,false,M,1,$15,57,48,true,false,Production,2008-10-06 00:00:00,,Current
220,1,480951955,,1,Mike,Seamans,K,false,Accountant,2008-10-06 00:00:00,1979-01-29 00:00:00,adventure-works\mike0,mike0@adventure-works.com,927-555-0150,S,Mike Seamans,927-555-0150,true,M,2,$26.4423,59,49,true,false,Finance,2008-10-06 00:00:00,,Current
221,1,879342154,,1,Michael,Raheem,,false,Research and Development Manager,2008-12-01 00:00:00,1984-06-30 00:00:00,adventure-works\michael6,michael6@adventure-works.com,330-555-2568,M,Michael Raheem,330-555-2568,true,M,2,$42.4808,16,64,true,false,Research and Development,2008-12-01 00:00:00,,Current
222,1,141165819,,1,Gary,Altman,E.,false,Facilities Manager,2009-07-02 00:00:00,1970-09-18 00:00:00,adventure-works\gary1,gary1@adventure-works.com,110-555-0112,M,Gary Altman,110-555-0112,true,M,2,$24.0385,86,63,true,false,Facilities and Maintenance,2009-07-02 00:00:00,,Current
223,1,537092325,,1,Charles,Fitzgerald,B,false,Production Technician - WC60,2009-07-03 00:00:00,1971-04-02 00:00:00,adventure-works\charles0,charles0@adventure-works.com,931-555-0118,S,Charles Fitzgerald,931-555-0118,false,M,1,$12.45,27,33,true,false,Production,2009-07-03 00:00:00,,Current
224,1,455563743,,1,Ebru,Ersan,N,false,Production Technician - WC10,2009-07-06 00:00:00,1986-04-22 00:00:00,adventure-works\ebru0,ebru0@adventure-works.com,202-555-0187,S,Ebru Ersan,202-555-0187,false,M,1,$13.45,93,66,true,false,Production,2009-07-06 00:00:00,,Current
225,1,701156975,,1,Sylvester,Valdez,A,false,Production Technician - WC20,2009-07-11 00:00:00,1970-06-12 00:00:00,adventure-works\sylvester0,sylvester0@adventure-works.com,492-555-0174,M,Sylvester Valdez,492-555-0174,false,M,1,$14,4,22,true,false,Production,2009-07-11 00:00:00,,Current
226,1,1662732,,1,Brian,Goldstein,Richard,false,Production Technician - WC40,2009-07-11 00:00:00,1970-07-23 00:00:00,adventure-works\brian2,brian2@adventure-works.com,730-555-0117,S,Brian Goldstein,730-555-0117,false,M,1,$15,63,51,true,false,Production,2009-07-11 00:00:00,,Current
227,1,407505660,,1,Linda,Meisner,P,false,Buyer,2009-07-17 00:00:00,1970-06-30 00:00:00,adventure-works\linda2,linda2@adventure-works.com,916-555-0165,M,Linda Meisner,916-555-0165,false,F,2,$18.2692,56,48,true,false,Purchasing,2009-07-17 00:00:00,,Current
228,1,294148271,,1,Betsy,Stadick,A,false,Production Technician - WC10,2009-07-18 00:00:00,1942-07-17 00:00:00,adventure-works\betsy0,betsy0@adventure-works.com,405-555-0171,S,Betsy Stadick,405-555-0171,false,F,1,$13.45,99,69,true,false,Production,2009-07-18 00:00:00,,Current
229,1,552560652,,1,Magnus,Hedlund,E,false,Facilities Administrative Assistant,2009-07-21 00:00:00,1971-03-27 00:00:00,adventure-works\magnus0,magnus0@adventure-works.com,583-555-0182,M,Magnus Hedlund,583-555-0182,false,M,2,$9.75,87,63,true,false,Facilities and Maintenance,2009-07-21 00:00:00,,Current
230,1,834186596,,1,Karan,Khanna,R,false,Production Technician - WC60,2009-07-22 00:00:00,1969-10-05 00:00:00,adventure-works\karan0,karan0@adventure-works.com,447-555-0186,S,Karan Khanna,447-555-0186,false,M,1,$12.45,28,34,true,false,Production,2009-07-22 00:00:00,,Current
231,1,717889520,,1,Mary,Baker,R,false,Production Technician - WC10,2009-07-25 00:00:00,1986-04-19 00:00:00,adventure-works\mary1,mary1@adventure-works.com,283-555-0185,M,Mary Baker,283-555-0185,false,F,1,$13.45,94,67,true,false,Production,2009-07-25 00:00:00,,Current
232,1,801365500,,1,Kevin,Homer,M,false,Production Technician - WC10,2009-07-25 00:00:00,1986-04-19 00:00:00,adventure-works\kevin2,kevin2@adventure-works.com,555-555-0113,S,Kevin Homer,555-555-0113,false,M,1,$13.45,90,65,true,false,Production,2009-07-25 00:00:00,,Current
233,1,413787783,,1,Mihail,Frintu,U,false,Production Technician - WC40,2009-07-29 00:00:00,1970-10-07 00:00:00,adventure-works\mihail0,mihail0@adventure-works.com,733-555-0128,S,Mihail Frintu,733-555-0128,false,M,1,$15,64,52,true,false,Production,2009-07-29 00:00:00,,Current
234,1,109272464,,1,Bonnie,Kearney,N,false,Production Technician - WC10,2009-08-01 00:00:00,1986-04-10 00:00:00,adventure-works\bonnie0,bonnie0@adventure-works.com,264-555-0150,M,Bonnie Kearney,264-555-0150,false,F,1,$13.45,89,64,true,false,Production,2009-08-01 00:00:00,,Current
235,1,482810518,,1,Fukiko,Ogisu,J,false,Buyer,2009-08-04 00:00:00,1970-06-24 00:00:00,adventure-works\fukiko0,fukiko0@adventure-works.com,520-555-0177,M,Fukiko Ogisu,520-555-0177,false,M,2,$18.2692,57,48,true,false,Purchasing,2009-08-04 00:00:00,,Current
236,1,113393530,,1,Hung-Fu,Ting,T,false,Production Technician - WC20,2009-08-06 00:00:00,1971-05-23 00:00:00,adventure-works\hung-fu0,hung-fu0@adventure-works.com,497-555-0181,S,Hung-Fu Ting,497-555-0181,false,M,1,$14,0,20,true,false,Production,2009-08-06 00:00:00,,Current
237,1,466142721,,1,Gordon,Hee,L,false,Buyer,2009-08-11 00:00:00,1942-06-29 00:00:00,adventure-works\gordon0,gordon0@adventure-works.com,230-555-0144,M,Gordon Hee,230-555-0144,false,M,2,$18.2692,52,46,true,false,Purchasing,2009-08-11 00:00:00,,Current
238,1,390124815,,1,Kimberly,Zimmerman,B,false,Production Technician - WC10,2009-08-12 00:00:00,1986-04-13 00:00:00,adventure-works\kimberly0,kimberly0@adventure-works.com,123-555-0167,S,Kimberly Zimmerman,123-555-0167,false,F,1,$13.45,95,67,true,false,Production,2009-08-12 00:00:00,,Current
239,1,6298838,,1,Kim,Abercrombie,B,false,Production Technician - WC60,2009-08-16 00:00:00,1942-07-14 00:00:00,adventure-works\kim1,kim1@adventure-works.com,208-555-0114,M,Kim Abercrombie,208-555-0114,false,F,1,$12.45,24,32,true,false,Production,2009-08-16 00:00:00,,Current
240,1,943170460,,1,Sandeep,Kaliyath,P,false,Production Technician - WC40,2009-08-17 00:00:00,1970-07-03 00:00:00,adventure-works\sandeep0,sandeep0@adventure-works.com,166-555-0156,S,Sandeep Kaliyath,166-555-0156,false,M,1,$15,65,52,true,false,Production,2009-08-17 00:00:00,,Current
241,1,339233463,,1,Prasanna,Samarawickrama,E,false,Production Technician - WC20,2009-08-22 00:00:00,1952-11-28 00:00:00,adventure-works\prasanna0,prasanna0@adventure-works.com,129-555-0199,M,Prasanna Samarawickrama,129-555-0199,false,M,1,$14,5,22,true,false,Production,2009-08-22 00:00:00,,Current
242,1,367453993,,1,Frank,Pellow,S,false,Buyer,2009-08-23 00:00:00,1951-12-11 00:00:00,adventure-works\frank2,frank2@adventure-works.com,163-555-0147,M,Frank Pellow,163-555-0147,false,M,2,$18.2692,58,49,true,false,Purchasing,2009-08-23 00:00:00,,Current
243,1,872923042,,1,Min,Su,G,false,Production Technician - WC20,2009-08-24 00:00:00,1974-04-10 00:00:00,adventure-works\min0,min0@adventure-works.com,590-555-0152,M,Min Su,590-555-0152,false,M,1,$14,1,20,true,false,Production,2009-08-24 00:00:00,,Current
244,1,697712387,,1,Eric,Brown,L,false,Production Technician - WC40,2009-08-24 00:00:00,1942-07-08 00:00:00,adventure-works\eric1,eric1@adventure-works.com,680-555-0118,M,Eric Brown,680-555-0118,false,M,1,$15,60,50,true,false,Production,2009-08-24 00:00:00,,Current
245,1,381073001,,1,Eric,Kurjan,S,false,Buyer,2009-08-27 00:00:00,1972-04-17 00:00:00,adventure-works\eric2,eric2@adventure-works.com,265-555-0195,S,Eric Kurjan,265-555-0195,false,M,2,$18.2692,54,47,true,false,Purchasing,2009-08-27 00:00:00,,Current
246,1,646304055,,1,Pat,Coleman,H,false,Janitor,2009-08-27 00:00:00,1970-07-03 00:00:00,adventure-works\pat0,pat0@adventure-works.com,720-555-0158,S,Pat Coleman,720-555-0158,false,M,1,$9.25,89,64,true,false,Facilities and Maintenance,2009-08-27 00:00:00,,Current
247,1,414476027,,1,Maciej,Dusza,W,false,Production Technician - WC60,2009-08-29 00:00:00,1954-08-30 00:00:00,adventure-works\maciej0,maciej0@adventure-works.com,237-555-0128,S,Maciej Dusza,237-555-0128,false,M,1,$12.45,30,35,true,false,Production,2009-08-29 00:00:00,,Current
248,1,785853949,,1,Erin,Hagens,M,false,Buyer,2009-08-31 00:00:00,1970-08-04 00:00:00,adventure-works\erin0,erin0@adventure-works.com,842-555-0158,S,Erin Hagens,842-555-0158,false,F,2,$18.2692,53,46,true,false,Purchasing,2009-08-31 00:00:00,,Current
249,1,90888098,,1,Patrick,Wedge,C,false,Production Technician - WC10,2009-09-01 00:00:00,1986-04-10 00:00:00,adventure-works\patrick0,patrick0@adventure-works.com,413-555-0124,S,Patrick Wedge,413-555-0124,false,M,1,$13.45,96,68,true,false,Production,2009-09-01 00:00:00,,Current
250,1,947029962,,1,Frank,Martinez,R,false,Production Technician - WC40,2009-09-05 00:00:00,1951-10-01 00:00:00,adventure-works\frank3,frank3@adventure-works.com,203-555-0196,M,Frank Martinez,203-555-0196,false,M,1,$15,66,53,true,false,Production,2009-09-05 00:00:00,,Current
251,1,461786517,,1,Ed,Dudenhoefer,R,false,Production Technician - WC60,2009-09-05 00:00:00,1971-04-11 00:00:00,adventure-works\ed0,ed0@adventure-works.com,919-555-0140,S,Ed Dudenhoefer,919-555-0140,false,M,1,$12.45,25,32,true,false,Production,2009-09-05 00:00:00,,Current
252,1,393421437,,1,Christopher,Hill,E,false,Production Technician - WC10,2009-09-08 00:00:00,1986-05-01 00:00:00,adventure-works\christopher0,christopher0@adventure-works.com,153-555-0166,M,Christopher Hill,153-555-0166,false,M,1,$13.45,91,65,true,false,Production,2009-09-08 00:00:00,,Current
253,1,988315686,,1,Patrick,Cook,M,false,Production Technician - WC40,2009-09-12 00:00:00,1973-07-23 00:00:00,adventure-works\patrick1,patrick1@adventure-works.com,425-555-0117,M,Patrick Cook,425-555-0117,false,M,1,$15,61,50,true,false,Production,2009-09-12 00:00:00,,Current
254,1,56772045,,1,Krishna,Sunkammurali,,false,Production Technician - WC20,2009-09-13 00:00:00,1971-04-05 00:00:00,adventure-works\krishna0,krishna0@adventure-works.com,491-555-0183,S,Krishna Sunkammurali,491-555-0183,false,M,1,$14,2,21,true,false,Production,2009-09-13 00:00:00,,Current
255,1,879334904,,1,Lori,Penor,K,false,Janitor,2009-09-16 00:00:00,1970-02-28 00:00:00,adventure-works\lori1,lori1@adventure-works.com,295-555-0161,M,Lori Penor,295-555-0161,false,F,1,$9.25,90,65,true,false,Facilities and Maintenance,2009-09-16 00:00:00,,Current
256,1,82638150,,1,Danielle,Tiedt,C,false,Production Technician - WC10,2009-09-20 00:00:00,1986-04-07 00:00:00,adventure-works\danielle0,danielle0@adventure-works.com,500-555-0172,S,Danielle Tiedt,500-555-0172,false,F,1,$13.45,97,68,true,false,Production,2009-09-20 00:00:00,,Current
257,1,343861179,,1,Sootha,Charncherngkha,T,false,Quality Assurance Technician,2009-09-23 00:00:00,1942-07-05 00:00:00,adventure-works\sootha0,sootha0@adventure-works.com,325-555-0137,M,Sootha Charncherngkha,325-555-0137,false,M,2,$10.5769,85,62,true,false,Quality Assurance,2009-09-23 00:00:00,,Current
258,1,582347317,,1,Michael,Zwilling,J,false,Production Technician - WC60,2009-09-23 00:00:00,1973-04-05 00:00:00,adventure-works\michael7,michael7@adventure-works.com,582-555-0148,S,Michael Zwilling,582-555-0148,false,M,1,$12.45,26,33,true,false,Production,2009-09-23 00:00:00,,Current
259,1,8066363,,1,Randy,Reeves,T,false,Production Technician - WC60,2009-09-23 00:00:00,1969-11-26 00:00:00,adventure-works\randy0,randy0@adventure-works.com,961-555-0122,M,Randy Reeves,961-555-0122,false,M,1,$12.45,29,34,true,false,Production,2009-09-23 00:00:00,,Current
260,1,561196580,,1,John,Kane,T,false,Production Technician - WC10,2009-09-27 00:00:00,1986-04-28 00:00:00,adventure-works\john4,john4@adventure-works.com,254-555-0114,S,John Kane,254-555-0114,false,M,1,$13.45,92,66,true,false,Production,2009-09-27 00:00:00,,Current
261,1,58791499,,1,Jack,Creasey,T,false,Production Technician - WC40,2009-10-01 00:00:00,1973-03-29 00:00:00,adventure-works\jack1,jack1@adventure-works.com,521-555-0113,S,Jack Creasey,521-555-0113,false,M,1,$15,62,51,true,false,Production,2009-10-01 00:00:00,,Current
262,1,163347032,,1,Olinda,Turner,C,false,Production Technician - WC20,2009-10-02 00:00:00,1969-11-02 00:00:00,adventure-works\olinda0,olinda0@adventure-works.com,306-555-0186,S,Olinda Turner,306-555-0186,false,F,1,$14,3,21,true,false,Production,2009-10-02 00:00:00,,Current
263,1,28414965,,1,Stuart,Macrae,J,false,Janitor,2009-10-03 00:00:00,1971-07-17 00:00:00,adventure-works\stuart1,stuart1@adventure-works.com,539-555-0149,M,Stuart Macrae,539-555-0149,false,M,1,$9.25,88,64,true,false,Facilities and Maintenance,2009-10-03 00:00:00,,Current
264,1,153479919,,1,Jo,Berry,L,false,Janitor,2009-10-05 00:00:00,1953-11-22 00:00:00,adventure-works\jo1,jo1@adventure-works.com,228-555-0159,M,Jo Berry,228-555-0159,false,F,1,$9.25,91,65,true,false,Facilities and Maintenance,2009-10-05 00:00:00,,Current
265,1,20269531,,1,Ben,Miller,T,false,Buyer,2009-10-07 00:00:00,1973-01-01 00:00:00,adventure-works\ben0,ben0@adventure-works.com,151-555-0113,M,Ben Miller,151-555-0113,false,M,2,$18.2692,55,47,true,false,Purchasing,2009-10-07 00:00:00,,Current
266,1,826454897,,1,Tom,Vande Velde,M,false,Production Technician - WC10,2009-10-08 00:00:00,1986-05-01 00:00:00,adventure-works\tom0,tom0@adventure-works.com,295-555-0161,M,Tom Vande Velde,295-555-0161,false,M,1,$13.45,98,69,true,false,Production,2009-10-08 00:00:00,,Current
267,1,974026903,,1,Ovidiu,Cracium,V,false,Senior Tool Designer,2010-07-05 00:00:00,1977-08-17 00:00:00,adventure-works\ovidiu0,ovidiu0@adventure-works.com,719-555-0181,S,Ovidiu Cracium,719-555-0181,false,M,2,$28.8462,7,23,true,false,Tool Design,2010-07-05 00:00:00,,Current
268,1,437296311,,1,Annette,Hill,L,false,Purchasing Assistant,2010-07-06 00:00:00,1977-08-29 00:00:00,adventure-works\annette0,annette0@adventure-works.com,125-555-0196,M,Annette Hill,125-555-0196,false,F,2,$12.75,50,45,true,false,Purchasing,2010-07-06 00:00:00,,Current
269,1,486228782,,1,Janice,Galvin,M,false,Tool Designer,2010-07-23 00:00:00,1988-12-26 00:00:00,adventure-works\janice0,janice0@adventure-works.com,473-555-0117,M,Janice Galvin,473-555-0117,false,F,2,$25,8,24,true,false,Tool Design,2010-07-23 00:00:00,,Current
270,1,280633567,,1,Reinout,Hillmann,N,false,Purchasing Assistant,2010-07-25 00:00:00,1977-08-17 00:00:00,adventure-works\reinout0,reinout0@adventure-works.com,370-555-0163,M,Reinout Hillmann,370-555-0163,false,M,2,$12.75,51,45,true,false,Purchasing,2010-07-25 00:00:00,,Current
271,1,42487730,,1,Michael,Sullivan,I,false,Senior Design Engineer,2010-07-30 00:00:00,1979-01-14 00:00:00,adventure-works\michael8,michael8@adventure-works.com,465-555-0156,S,Michael Sullivan,465-555-0156,true,M,2,$36.0577,3,21,true,false,Engineering,2010-07-30 00:00:00,,Current
272,1,502097814,,1,Stephen,Jiang,Y,false,North American Sales Manager,2010-08-04 00:00:00,1951-05-17 00:00:00,adventure-works\stephen0,stephen0@adventure-works.com,238-555-0197,M,Stephen Jiang,238-555-0197,true,M,2,$48.101,14,27,true,true,Sales,2010-08-04 00:00:00,,Current
273,1,323403273,,1,Wanida,Benshoof,M,false,Marketing Assistant,2010-08-07 00:00:00,1974-10-15 00:00:00,adventure-works\wanida0,wanida0@adventure-works.com,708-555-0141,M,Wanida Benshoof,708-555-0141,false,F,2,$13.4615,41,40,true,false,Marketing,2010-08-07 00:00:00,,Current
274,1,56920285,,1,Sharon,Salavaria,B,false,Design Engineer,2010-08-18 00:00:00,1960-11-30 00:00:00,adventure-works\sharon0,sharon0@adventure-works.com,970-555-0138,M,Sharon Salavaria,970-555-0138,true,F,2,$32.6923,4,22,true,false,Engineering,2010-08-18 00:00:00,,Current
275,1,222969461,,1,John,Wood,L,false,Marketing Specialist,2010-09-07 00:00:00,1977-10-04 00:00:00,adventure-works\john5,john5@adventure-works.com,486-555-0150,S,John Wood,486-555-0150,false,M,2,$14.4231,48,44,true,false,Marketing,2010-09-07 00:00:00,,Current
276,1,52541318,,1,Mary,Dempsey,A,false,Marketing Assistant,2010-09-14 00:00:00,1977-08-29 00:00:00,adventure-works\mary2,mary2@adventure-works.com,124-555-0114,S,Mary Dempsey,124-555-0114,false,F,2,$13.4615,43,41,true,false,Marketing,2010-09-14 00:00:00,,Current
277,1,112432117,,1,Brian,Welcker,S,false,Vice President of Sales,2010-09-15 00:00:00,1977-01-04 00:00:00,adventure-works\brian3,brian3@adventure-works.com,716-555-0127,S,Brian Welcker,716-555-0127,true,M,2,$72.1154,10,25,true,false,Sales,2010-09-15 00:00:00,,Current
278,1,895209680,,1,Sheela,Word,H,false,Purchasing Manager,2010-09-25 00:00:00,1977-09-10 00:00:00,adventure-works\sheela0,sheela0@adventure-works.com,210-555-0193,S,Sheela Word,210-555-0193,true,F,2,$30,49,44,true,false,Purchasing,2010-09-25 00:00:00,2011-02-27 00:00:00,
279,1,895209680,,1,Sheela,Word,H,false,Purchasing Manager,2010-09-25 00:00:00,1977-09-10 00:00:00,adventure-works\sheela0,sheela0@adventure-works.com,210-555-0193,S,Sheela Word,210-555-0193,true,F,2,$30,49,44,true,false,Purchasing,2011-02-28 00:00:00,2012-02-12 00:00:00,
280,1,895209680,,1,Sheela,Word,H,false,Purchasing Manager,2010-09-25 00:00:00,1977-09-10 00:00:00,adventure-works\sheela0,sheela0@adventure-works.com,210-555-0193,S,Sheela Word,210-555-0193,true,F,2,$30,49,44,true,false,Purchasing,2012-02-13 00:00:00,,Current
281,1,841560125,,1,Michael,Blythe,G,false,Sales Representative,2010-12-29 00:00:00,1968-07-25 00:00:00,adventure-works\michael9,michael9@adventure-works.com,257-555-0154,S,Michael Blythe,257-555-0154,true,M,2,$23.0769,38,39,true,true,Sales,2010-12-29 00:00:00,,Current
282,1,191644724,,1,Linda,Mitchell,C,false,Sales Representative,2010-12-29 00:00:00,1979-09-27 00:00:00,adventure-works\linda3,linda3@adventure-works.com,883-555-0116,M,Linda Mitchell,883-555-0116,true,F,2,$23.0769,27,33,true,true,Sales,2010-12-29 00:00:00,,Current
283,1,615389812,,1,Jillian,Carson,,false,Sales Representative,2010-12-29 00:00:00,1962-03-29 00:00:00,adventure-works\jillian0,jillian0@adventure-works.com,517-555-0117,S,Jillian Carson,517-555-0117,true,F,2,$23.0769,24,32,true,true,Sales,2010-12-29 00:00:00,,Current
284,1,234474252,,1,Garrett,Vargas,R,false,Sales Representative,2010-12-29 00:00:00,1974-09-04 00:00:00,adventure-works\garrett1,garrett1@adventure-works.com,922-555-0165,M,Garrett Vargas,922-555-0165,true,M,2,$23.0769,33,36,true,true,Sales,2010-12-29 00:00:00,,Current
285,1,716374314,,1,Tsvi,Reiter,Michael,false,Sales Representative,2010-12-29 00:00:00,1973-08-18 00:00:00,adventure-works\tsvi0,tsvi0@adventure-works.com,664-555-0112,M,Tsvi Reiter,664-555-0112,true,M,2,$23.0769,29,34,true,true,Sales,2010-12-29 00:00:00,,Current
286,1,61161660,,1,Pamela,Ansman-Wolfe,O,false,Sales Representative,2010-12-29 00:00:00,1974-07-06 00:00:00,adventure-works\pamela0,pamela0@adventure-works.com,340-555-0193,S,Pamela Ansman-Wolfe,340-555-0193,true,F,2,$23.0769,22,31,true,true,Sales,2010-12-29 00:00:00,,Current
287,1,139397894,,1,Shu,Ito,K,false,Sales Representative,2010-12-29 00:00:00,1943-10-08 00:00:00,adventure-works\shu0,shu0@adventure-works.com,330-555-0120,M,Shu Ito,330-555-0120,true,M,2,$23.0769,26,33,true,true,Sales,2010-12-29 00:00:00,,Current
288,1,399771412,,1,José,Saraiva,Edvaldo,false,Sales Representative,2010-12-29 00:00:00,1939-07-11 00:00:00,adventure-works\josé1,josé1@adventure-works.com,185-555-0169,M,José Saraiva,185-555-0169,true,M,2,$23.0769,31,35,true,true,Sales,2010-12-29 00:00:00,,Current
289,1,987554265,,1,David,Campbell,R,false,Sales Representative,2010-12-29 00:00:00,1973-09-11 00:00:00,adventure-works\david8,david8@adventure-works.com,740-555-0182,S,David Campbell,740-555-0182,true,M,2,$23.0769,23,31,true,true,Sales,2010-12-29 00:00:00,,Current
290,1,982310417,,1,Amy,Alberts,E,false,European Sales Manager,2011-11-15 00:00:00,1957-04-20 00:00:00,adventure-works\amy0,amy0@adventure-works.com,775-555-0164,M,Amy Alberts,775-555-0164,true,F,2,$48.101,21,30,true,true,Sales,2011-11-15 00:00:00,,Current
291,1,668991357,,1,Jae,Pak,B,false,Sales Representative,2011-12-29 00:00:00,1967-10-16 00:00:00,adventure-works\jae0,jae0@adventure-works.com,1 (11) 500 555-0145,M,Jae Pak,1 (11) 500 555-0145,true,F,2,$23.0769,37,38,true,true,Sales,2011-12-29 00:00:00,,Current
292,1,134219713,,1,Ranjit,Varkey Chudukatil,R,false,Sales Representative,2011-12-29 00:00:00,1975-04-30 00:00:00,adventure-works\ranjit0,ranjit0@adventure-works.com,1 (11) 500 555-0117,S,Ranjit Varkey Chudukatil,1 (11) 500 555-0117,true,M,2,$23.0769,34,37,true,true,Sales,2011-12-29 00:00:00,,Current
293,1,90836195,,1,Tete,Mensa-Annan,A,false,Sales Representative,2012-04-30 00:00:00,1977-08-05 00:00:00,adventure-works\tete0,tete0@adventure-works.com,615-555-0153,M,Tete Mensa-Annan,615-555-0153,true,M,2,$23.0769,39,39,true,true,Sales,2012-04-30 00:00:00,,Current
294,1,481044938,,1,Syed,Abbas,E,false,Pacific Sales Manager,2012-10-12 00:00:00,1974-08-11 00:00:00,adventure-works\syed0,syed0@adventure-works.com,926-555-0182,M,Syed Abbas,926-555-0182,true,M,2,$48.101,20,30,true,true,Sales,2012-10-12 00:00:00,,Current
295,1,954276278,,1,Rachel,Valdez,B,false,Sales Representative,2012-12-28 00:00:00,1975-02-06 00:00:00,adventure-works\rachel0,rachel0@adventure-works.com,1 (11) 500 555-0140,S,Rachel Valdez,1 (11) 500 555-0140,true,F,2,$23.0769,35,37,true,true,Sales,2012-12-28 00:00:00,,Current
296,1,758596752,,1,Lynn,Tsoflias,N,false,Sales Representative,2012-12-28 00:00:00,1970-10-16 00:00:00,adventure-works\lynn0,lynn0@adventure-works.com,1 (11) 500 555-0190,S,Lynn Tsoflias,1 (11) 500 555-0190,true,F,2,$23.0769,36,38,true,true,Sales,2012-12-28 00:00:00,,Current
